time,q1,q2,q3,q4,q5,q6,dq1,dq2,dq3,dq4,dq5,dq6,vx,vy,vz,wx,wy,wz
1700.02,0.006749512219254551,-1.5675495401553174,-1.5589837332254572,-1.570000000020991,-0.0067495122094647616,-2.937612902101059e-13,0.18601955112412957,0.06753576060197168,0.3048622060918411,1.775639036575693e-11,-0.1860195511311571,2.7045959652497722e-12,0.00978704179647629,0.02920120295538056,0.06617566221180061,-0.0973075945929866,-0.19509320905857952,0.097075405872833
1700.07,0.018751623959039187,-1.5631920855746628,-1.5393237380548899,-1.5700000000211032,-0.018751623949201178,-3.1464295751265657e-13,0.27017453013094755,0.09808884215274072,0.4424721239796721,2.0580499964276654e-11,-0.27017453013908027,3.1071745450563827e-12,0.019074348043854467,0.06676827002654784,0.15152637935650595,-0.21846733652313582,-0.4490258010464875,0.21799926495255606
1700.12,0.033855343189634415,-1.5577085696756143,-1.514592005511477,-1.5700000000207912,-0.03385534317991658,-2.718954067403308e-13,0.31986720368423877,0.1161301312769497,0.5237294043907468,1.836764837177384e-11,-0.3198672036915045,2.729585363346696e-12,0.018111312987836123,0.08743439184995663,0.19789717197971526,-0.2780699029679707,-0.5910939781353367,0.27777748281446407
1700.17,0.05079053062746152,-1.5515601258286924,-1.486865462766863,-1.5700000000203667,-0.05079053061790945,-2.139591683428094e-13,0.34921023049045424,0.12678333209153475,0.5717110158992323,1.4934200306526008e-11,-0.34921023049638267,2.145527414857285e-12,0.011188571163919622,0.09932622825341078,0.22469449890247764,-0.3055849951047527,-0.678186893087904,0.3060862707057484
1700.22,0.06880718172696686,-1.5450190486778423,-1.4573705145465934,-1.5700000000199497,-0.06880718171757913,-1.6018870020546616e-13,0.3665369943890967,0.13307394064031625,0.6000436776780499,1.1791401568258392e-11,-0.3665369943938182,1.5874560441663486e-12,0.0008749191514819862,0.10566941061220643,0.2396769084938692,-0.31387210205028127,-0.732578271114011,0.31593151750566073
1700.27,0.0874624263040505,-1.5382461254873625,-1.4268313405770334,-1.5700000000195755,-0.08746242629481293,-1.1663608073516002e-13,0.37676827520351147,0.13678848208218483,0.6167738311313729,9.434953930327963e-12,-0.37676827520734085,1.1318648502587096e-12,-0.011194958635847485,0.10838993920952976,0.2474447911395935,-0.31065562622906173,-0.7673601449261003,0.31510381283631306
1700.32,0.10645951703597395,-1.5313490925464042,-1.3957332425428013,-1.5700000000192504,-0.10645951702686915,-8.53781413610222e-14,0.38320126540852295,0.13912402629640044,0.6272937171990978,7.366926567473758e-12,-0.38320126541157,7.037267768300257e-13,-0.023996750880687822,0.10843256602519427,0.25021709158947636,-0.29989537331688826,-0.7886339708178749,0.30756244751436623
1700.37,0.12572893831933038,-1.5243531880039698,-1.364189743841604,-1.5700000000189356,-0.12572893831035717,-6.049974581714057e-14,0.38660836059771886,0.14036099716127254,0.6328647069680432,7.0599004073357285e-12,-0.38660836060070164,5.488358045487897e-13,-0.037184195182644,0.1072683806167389,0.2513782908918571,-0.2863342662056799,-0.8065570327298106,0.2981082126605564
1700.42,0.14512393116226915,-1.517311693787038,-1.3324409212985857,-1.5700000000186338,-0.14512393115342495,-4.3045993133821934e-14,0.38862021623593485,0.1410914160871777,0.6361543207164692,6.673527832776194e-12,-0.38862021623880993,3.7146132524090714e-13,-0.05024604003428563,0.10444139485016853,0.24983374404214648,-0.2690608694548969,-0.8173389059719006,0.2857593623759255
1700.47,0.16459307275542523,-1.5102432793232115,-1.3005708570802101,-1.5700000000183303,-0.16459307274671306,-3.088193234599983e-14,0.38980819687173496,0.14152272115877437,0.6380968047388241,6.6654065621930825e-12,-0.38980819687465174,2.520581264325514e-13,-0.06307566927301908,0.10059638649797799,0.2470149663545,-0.25001943834222934,-0.82526286410541,0.2724718938277817
1700.52,0.18407745654883406,-1.5031693310669356,-1.268675922311338,-1.5700000000180219,-0.18407745654025798,-2.3599598064501564e-14,0.39082681972694694,0.1418925396476613,0.6397629493113661,7.001475625396242e-12,-0.39082681973003974,1.8736867526264467e-13,-0.07543830923311878,0.09574800598204973,0.24285988797685282,-0.2293579648568796,-0.8298744350360157,0.25833390356732383
1700.57,0.2035926875918637,-1.4960841834907308,-1.2367305396363324,-1.5700000000176924,-0.20359268758343418,-1.8536408098467738e-14,0.39150269536410226,0.14213792124833974,0.6408685615932518,6.871225539505782e-12,-0.3915026953671643,4.1346835894309764e-14,-0.08751959237696971,0.09035351613661259,0.23843425918597708,-0.20821517213222002,-0.8346342405147661,0.2445685234003809
1700.63,0.2270479422845474,-1.4875685814684503,-1.1983355862184843,-1.5700000000172574,-0.2270479422763117,-1.360761779885165e-14,0.39190288567265597,0.14228321327131715,0.6415231384673304,7.517099518804943e-12,-0.3919028856760167,5.965985084427361e-15,-0.1003434153739543,0.0836818418958755,0.2329534991465791,-0.18413761258239816,-0.838992711547496,0.22952600256344569
1700.69,0.2504943854208656,-1.4790561785462442,-1.1599550783926802,-1.5700000000167877,-0.2504943854128398,-1.0920744248053106e-14,0.39240098216304753,0.14246405085080405,0.6423382219199356,8.290260622087486e-12,-0.3924009821667543,-3.030941383291852e-15,-0.11346179501249418,0.0754388679584644,0.22580743689718888,-0.15662029014091386,-0.8408759909273602,0.2129233996827566
1700.74,0.2701028705449568,-1.4719371743928125,-1.1278571009298946,-1.5700000000163468,-0.2701028705371283,-6.2123533714330055e-15,0.39204070134404156,0.14233324826077914,0.641748336561308,9.38483335098314e-12,-0.3920407013482217,6.705045047829261e-14,-0.1253771816023771,0.06751891419094304,0.21965769620980952,-0.13128165927711646,-0.845379912479337,0.19892842270526517
1700.79,0.2896980771952094,-1.4648229910865638,-1.0957808642229119,-1.5700000000158825,-0.2896980771875879,-3.0535156509570515e-15,0.3918279591232023,0.14225601063936177,0.6414000151558104,9.939763367852045e-12,-0.3918279591276193,4.9001167706785864e-14,-0.13510337218579935,0.0594687978930036,0.21262547685595676,-0.10706214123054376,-0.8450181487109227,0.18555671273401517
1700.84,0.30928544303944533,-1.4577116544423645,-1.0637174652148138,-1.5700000000153922,-0.30928544303204153,-6.848638810074192e-16,0.3917023369692168,0.14221040259638826,0.6411943348492688,1.0522756982173781e-11,-0.3917023369738774,4.032353877886363e-14,-0.14424381491561575,0.05100322324727572,0.20525946901838416,-0.08247204411157191,-0.8441480572562786,0.17258266480575582
1700.89,0.32886817896613546,-1.4506019987236338,-1.0316616467395192,-1.5700000000148746,-0.32886817895896125,1.2967871547489932e-15,0.3916281583435125,0.1421834715031951,0.6410728826852622,1.1105054809751325e-11,-0.3916281583484073,3.669842749999541e-14,-0.15276096757974914,0.042147202119427345,0.19754234077945598,-0.05751276485326596,-0.8426418464412821,0.15998988708436723
1700.94,0.3484129440650837,-1.4435061285920379,-0.9996679852910441,-1.570000000014339,-0.3484129440581452,1.3835004789870492e-15,0.3919758778038098,0.1423097136002777,0.6416420641523292,1.1170246476920054e-11,-0.3919758778087048,-5.020940260780371e-14,-0.16029325621042845,0.032877055780122434,0.18910051469694367,-0.03216384152178101,-0.8387384041425877,0.1474941585676407
1700.99,0.3680057615854201,-1.4363928126768626,-0.967595665349298,-1.5700000000137622,-0.36800576157873455,4.1083177312433245e-15,0.3917896814709327,0.14224211365825815,0.6413372623621842,1.22503851680833e-11,-0.3917896814762855,4.4058506842858947e-14,-0.16792423478958993,0.023434413242965853,0.18121333171838222,-0.006617642694621453,-0.8381065140620708,0.13608222392744726
1701.04,0.3875917166723313,-1.4292819882183962,-0.9355345791518619,-1.570000000013163,-0.3875917166659069,6.2977857391809495e-15,0.39167973439831577,0.14220219656847993,0.6411572799530842,1.2738029923388405e-11,-0.391679734403849,3.894877042415201e-14,-0.17434257654445764,0.013603267752109897,0.17238601444282156,0.01933264035926272,-0.8340076546563028,0.12459780530450665
1701.09,0.4071479318551923,-1.4221819610499244,-0.9035221756698413,-1.5700000000125471,-0.407147931849035,7.205907705478245e-15,0.39190023070402846,0.14228224936771283,0.6415182166045403,1.3273013330789007e-11,-0.3919002307097511,4.9410128766247396e-14,-0.17978212279799985,0.003548221136990722,0.16303465790482313,0.04542863710434994,-0.827978768202726,0.11339611019878297
1701.14,0.4267379613335836,-1.415069657353756,-0.8714544202409273,-1.5700000000118999,-0.4267379613277039,9.66603903373134e-15,0.39174501261495426,0.1422258963038652,0.6412641316242734,1.3686088395394036e-11,-0.39174501262082245,4.155421666485193e-14,-0.18512289158327744,-0.006689107838902621,0.15395933899037428,0.07190722118288699,-0.8240648649228012,0.10302574198648352
1701.19,0.44632227010960474,-1.4079594306004692,-0.8393960293426286,-1.570000000011234,-0.44632227010401,1.1747449761097653e-14,0.3916533578855369,0.1421926203833748,0.6411140969846479,1.4098375245019668e-11,-0.39165335789153227,3.825807943017012e-14,-0.189297069122032,-0.01708116707284823,0.14422590358545334,0.09845446280743705,-0.8174057708840993,0.09284219788225713
1701.24,0.4658714876511263,-1.400861943976891,-0.8073950808242075,-1.5700000000105572,-0.465871487645818,1.2247552216205054e-14,0.39195160576166077,0.14230090145988622,0.6416023110108664,1.4569631200285482e-11,-0.3919516057678131,5.401706642746418e-14,-0.19237026735267848,-0.0275066218828152,0.1340159724536558,0.12486791569358954,-0.8085174966070555,0.08299626720333066
1701.29,0.4854634106035029,-1.3937489528410627,-0.7753242260202308,-1.5700000000098504,-0.4854634105984919,1.4909399358649086e-14,0.39177534907271333,0.14223691017834988,0.6413137885315019,1.4896255995204555e-11,-0.3917753490789502,4.4135702037539914e-14,-0.19551673219744234,-0.03811137547703038,0.12414205655093957,0.1519288596240261,-0.8023028695299478,0.07398311128326887
1701.34,0.5050488374569776,-1.386638320161502,-0.7432640049718883,-1.5700000000091283,-0.5050488374522669,1.7103522388614286e-14,0.39167127126044804,0.14219912396674858,0.6411434188931812,1.5210282360879346e-11,-0.39167127126676204,3.974452060864775e-14,-0.19734211516509245,-0.048645651616048946,0.11366074229853042,0.17868185856374103,-0.7929232631444102,0.0652229678647702
1701.39,0.5207143302854793,-1.3809508482426371,-0.7176204912231403,-1.5700000000085403,-0.520714330281012,1.8689557673925018e-14,0.3916196607248123,0.14218038638418606,0.6410589352933482,1.545254419213493e-11,-0.39161966073118665,3.8220078144024505e-14,-0.19841130520667033,-0.05913394592785224,0.10299730360487758,0.20542632101288347,-0.7827691417420157,0.056981044135883376
1701.44,0.5442097543514095,-1.3724206624348727,-0.6791598288891618,-1.5700000000076426,-0.5442097543473108,2.0934539109918458e-14,0.39157352466382106,0.14216363635001175,0.6409834131072935,1.5789752643401156e-11,-0.39157352467026474,3.7217841655778905e-14,-0.19871649066105812,-0.0695308688396767,0.09216176440837776,0.23211779576269823,-0.7717898317792963,0.04926152774357988
1701.49,0.5637877427846516,-1.365312730328181,-0.6471117841243661,-1.5700000000068806,-0.5637877427808619,2.274631949058914e-14,0.39155209596519824,0.1421558565046693,0.6409483355108805,1.604673739805801e-11,-0.39155209597169244,3.6905808270537577e-14,-0.19825708278291432,-0.07979043567250639,0.08116947679174757,0.25871043014241835,-0.7599585786176485,0.04207169130027421
1701.54,0.5833649414439193,-1.358205084954683,-0.6150650321759354,-1.570000000006107,-0.5833649414404412,2.4531564402558995e-14,0.3915394425329361,0.1421512625840995,0.6409276225417726,1.6271989289849687e-11,-0.39153944253946626,3.675000841835141e-14,-0.1970381173776841,-0.08986685175765077,0.07003888667272015,0.2851580486534237,-0.747263705332957,0.03542010553888843
1701.59,0.6029159860438182,-1.3511069350039842,-0.5830610929243547,-1.5700000000053296,-0.6029159860406492,2.5385643254471642e-14,0.39181738976031416,0.14225217336171497,0.6413826062054462,1.6529417916875955e-11,-0.3918173897669075,4.7764093027979904e-14,-0.19478661444834575,-0.0995625752393698,0.05871276470902809,0.31094170456195935,-0.7326439389688175,0.029277376245082695
1701.64,0.6225029623446681,-1.3439957397860165,-0.5509983355385826,-1.5700000000045335,-0.6225029623418152,2.7693176216923596e-14,0.3916960958659915,0.14220813672567076,0.6411840550460113,1.6659900347291978e-11,-0.3916960958725782,4.0772181637838134e-14,-0.19248232807209278,-0.10934505482195234,0.047486363459979135,0.33760628827826694,-0.7197292090243101,0.023787218598693163
1701.69,0.6420854682498782,-1.3368861675778942,-0.5189428959344611,-1.5700000000037322,-0.6420854682473407,2.966983929927034e-14,0.3916244730343222,0.142182133532802,0.6410668125729082,1.6782574136821327e-11,-0.39162447304090253,3.721654061317192e-14,-0.18900850536610178,-0.11858681181723635,0.036045086156543706,0.3632843401599487,-0.7042700668779497,0.018792080132724483
1701.74,0.6616653344311667,-1.3297775537408385,-0.48689177740717493,-1.5700000000029257,-0.6616653344289438,3.1469861344750085e-14,0.3915821804684388,0.14216677890778445,0.6409975820660656,1.6884777864073497e-11,-0.39158218047500504,3.5270072452908696e-14,-0.1848557656228985,-0.12747806981655388,0.02456134792436795,0.38865820283958946,-0.6880526656790424,0.014373589804599256
1701.79,0.681243641881877,-1.3226695058122981,-0.45484321043249554,-1.5700000000021157,-0.6812436418799664,3.31675347051472e-14,0.3915572071312025,0.14215771215559894,0.640956702145246,1.6969663955285208e-11,-0.3915572071377439,3.4057826003852654e-14,-0.18003886281445197,-0.13597712630751813,0.013052669565965727,0.4136776935756354,-0.6710610233679236,0.010535801728072544
1701.84,0.7008210289177664,-1.3155617920470613,-0.42279615012405786,-1.570000000001302,-0.7008210289161678,3.4797757788409867e-14,0.39154246062530146,0.14215235832942957,0.6409325629620127,1.702456144808684e-11,-0.39154246063179476,3.3142976210709385e-14,-0.17457861177250125,-0.1440445822525016,0.0015388309350142355,0.4382958390702368,-0.6532956093286547,0.007283206024836403
1701.89,0.7203978724579087,-1.3084542756018973,-0.3907499794869102,-1.5700000000004861,-0.7203978724566192,3.6373655837617954e-14,0.39153375296104154,0.1421491969489231,0.6409183090169486,1.705155092644739e-11,-0.39153375296745624,3.22142486297583e-14,-0.16850035402403635,-0.1516433908202992,-0.00995923970951092,0.4624683378541269,-0.634767381503143,0.004620083836623731
1701.94,0.739974395069249,-1.3013468756722504,-0.35870433419170283,-1.56999999999967,-0.7399743950682637,3.789945919280809e-14,0.3915286111723662,0.1421473301856414,0.6409098922061836,1.705976202318049e-11,-0.3915286111786951,3.126351174470576e-14,-0.16183297436664712,-0.1587388936604595,-0.021420099145643186,0.4861531768397269,-0.6154942654675637,0.0025501660411433526
1701.99,0.7595507281753395,-1.294239544543837,-0.3266589991055982,-1.569999999998854,-0.7595507281746537,3.9373910504720865e-14,0.39152557499757973,0.14214622788084022,0.6409049221648343,1.7043528697732735e-11,-0.3915255750037925,3.0196114705893784e-14,-0.1546082475758401,-0.16529886424651966,-0.03282215743054416,0.5093103840340167,-0.5954990625202289,0.0010764534842165256
1702.04,0.7791269493804754,-1.2871322540418533,-0.294613847194808,-1.5699999999980392,-0.7791269493800836,4.0794448562564167e-14,0.39152378216676365,0.14214557698109206,0.6409019874063204,1.6999305609000093e-11,-0.39152378217280526,2.909369793691052e-14,-0.14686038112986777,-0.17129356198496407,-0.044143899383175714,0.5319018875462779,-0.5748081921251624,0.0002011228002323191
1702.09,0.7986457035865265,-1.2800458273548134,-0.2626627654671375,-1.5699999999972423,-0.7986457035864146,4.0505712405184985e-14,0.3921605115480073,0.14237674624759405,0.641944276906107,1.7085615474504712e-11,-0.392160511553928,4.8805143954000485e-14,-0.13818789844019916,-0.176112011017128,-0.05516555878239426,0.5520518549126499,-0.5516831569309255,-7.383210320021871e-05
1702.14,0.818245325949673,-1.2729300408909454,-0.23057930720187436,-1.569999999996426,-0.8182453259498389,4.281033938055402e-14,0.39189870585043934,0.1422816957717407,0.6415157159895888,1.6924521896791167e-11,-0.39189870585612135,3.5240907414468836e-14,-0.13013863000459083,-0.1817114429739964,-0.0665215869780367,0.5759575258531209,-0.5322257022969051,0.000248438230389946
1702.19,0.837806757332949,-1.2658281199420571,-0.1985583653812743,-1.5699999999956258,-0.8378067573333786,4.374595977681669e-14,0.39206124437366696,0.1423407065735111,0.6417817822370889,1.6851442333556954e-11,-0.3920612443791254,3.785014836277245e-14,-0.12077091712580361,-0.18546386788464145,-0.07732601572083259,0.5953855380256761,-0.5084957508533811,0.0011702448813458324
1702.25,0.8612855662105139,-1.2573039663995225,-0.16012490116500308,-1.5699999999946723,-0.8612855662112434,4.487378113742476e-14,0.3921997215167831,0.14239098171415737,0.6420084613832273,1.6109645952291918e-11,-0.39219972152177907,-1.9003461998456928e-14,-0.11038356650586052,-0.18929353978724794,-0.08918682431568799,0.6174353347869626,-0.4831371466911433,0.0028407918658572245
1702.3,0.8808549204753906,-1.2501991689904177,-0.12809099004118377,-1.569999999993884,-0.8808549204763579,4.596022576526362e-14,0.39227422802223527,0.1424180318474015,0.6421304242646246,1.654788675878316e-11,-0.39227422802709744,3.8228318080535395e-14,-0.09960899425517572,-0.19232776682795832,-0.10083586972520275,0.6386196353062243,-0.4571352132168055,0.0052978103936946715
1702.35,0.9004587339615404,-1.2430818609086154,-0.096000671147425,-1.5699999999930963,-0.9004587339627332,4.7782306446043634e-14,0.3919658542913671,0.14230607450530888,0.6416256341454679,1.6249895960079863e-11,-0.3919658542958956,2.616646049141691e-14,-0.0896625476618842,-0.19469739580614542,-0.11141939026323353,0.6582590747349486,-0.43370745945132994,0.008140717544805796
1702.4,0.9200511820563028,-1.235968679115426,-0.06392895674782496,-1.5699999999923235,-0.9200511820577052,4.9046096625321147e-14,0.39178376268703724,0.1422399648141301,0.6413275606278562,1.595118785321925e-11,-0.39178376269122805,1.9975882926959176e-14,-0.0792326639328976,-0.19586289958835512,-0.1215089526578537,0.6754386238806392,-0.4086619868944209,0.011557774342320398
1702.45,0.9396369190011066,-1.2288579338544132,-0.0318682281159957,-1.569999999991567,-0.939636919002701,5.000806519435934e-14,0.39167623941559876,0.14220092770224843,0.6411515511959776,1.562013344190427e-11,-0.39167623941945795,1.6444853291608386e-14,-0.06865377065491089,-0.19636889202811467,-0.13137220506718797,0.6919611686298471,-0.3833602868910929,0.015556185227573908
1702.5,0.9592186930789702,-1.2217486273413039,0.00018601352979239784,-1.5699999999908276,-0.9592186930807408,5.0792437761257015e-14,0.39161274799905205,0.14217787667763812,0.6410476193857633,1.5253566964211485e-11,-0.3916127480025799,1.4179304431982676e-14,-0.05795444411347159,-0.1961921506199912,-0.14098720072789062,0.707749022646911,-0.3577817043384995,0.02013028249697375
1702.55,0.9787981271235356,-1.2146401703944656,0.03223642467514831,-1.5699999999901075,-0.9787981271254657,5.1455508596474615e-14,0.39157525695250156,0.14216426527762674,0.6409862486900753,1.4833264716344885e-11,-0.3915752569556887,1.2444364115571371e-14,-0.0471706072962662,-0.1953197650249816,-0.15033390847488132,0.7227490114627184,-0.3319335758209437,0.025273346980894472
1702.6,0.9983761794018374,-1.2075322151080392,0.0642845739482458,-1.569999999989409,-0.9983761794039119,5.2021988185406134e-14,0.3915531188644316,0.14215622788149407,0.6409500099066371,1.4356505784532403e-11,-0.3915531188672728,1.073544465129972e-14,-0.03634217572696304,-0.19374625931068504,-0.1593940466750083,0.7369240142693235,-0.30583944712273464,0.030977656900985747
1702.65,1.0179248738657178,-1.200434918391245,0.0962846661619202,-1.5699999999887426,-1.017924873867919,5.208333462114995e-14,0.3918571787143978,0.14226661903607377,0.6414477384480812,1.3900136141935249e-11,-0.39185717871689024,1.4807708011155274e-14,-0.02547849470222964,-0.1911638406169498,-0.16787156707580567,0.7490220349679652,-0.27910088567302793,0.03716918940536385
1702.7,1.0374780797165528,-1.1933359837824313,0.12829214325727525,-1.5699999999881022,-1.0374780797188643,5.2218177170602616e-14,0.3921111120426007,0.14235881138895481,0.6418634127448528,1.2749762942458609e-11,-0.3921111120447385,-1.2888128064769688e-14,-0.014724957530035734,-0.18825674178953225,-0.17633407677378582,0.7616545814420327,-0.25277300092428895,0.04395963873799308
1702.75,1.0570758814164727,-1.186220858324001,0.1603726212009845,-1.5699999999874763,-1.0570758814188792,5.29596016705225e-14,0.3918695359366026,0.1422711054133646,0.6414679665050363,1.2664739916512513e-11,-0.39186953593840895,9.54087069765519e-15,-0.0040418887464181,-0.1850755758543006,-0.1848990540627565,0.7751830172041598,-0.22677248583371049,0.05141106601668666
1702.8,1.0766647796115858,-1.1791089653482798,0.19243852461751354,-1.5699999999868866,-1.0766647796140705,5.336604683884277e-14,0.39172688766177094,0.14221931591083178,0.6412344594520865,1.1943852699404511e-11,-0.39172688766321895,5.141611962578008e-15,0.006560967826444858,-0.18064328683049521,-0.1925803440830462,0.7854972504113343,-0.1999110102466133,0.05925172746450286
1702.85,1.0962227326704097,-1.172008307231033,0.22445377261963623,-1.5699999999863385,-1.0962227326729572,5.3347833868648254e-14,0.39192807423458215,0.14229235816837948,0.6415637903344927,1.1279432954054008e-11,-0.39192807423569237,5.686423554251974e-15,0.016953220888886608,-0.17533834165299925,-0.19963619358281676,0.7938939723153605,-0.1728435173424446,0.06750070178410819
1702.9,1.1158137883471784,-1.1648956309659282,0.25652320770953935,-1.5699999999858165,-1.1158137883497725,5.3562913667237455e-14,0.39176145394133904,0.14223186544900185,0.6412910424613408,1.0486872600769942e-11,-0.3917614539421148,1.3542769336516436e-15,0.027201508619576337,-0.17002568775896437,-0.20704996773173784,0.8042797488458134,-0.14639846224275435,0.07649304498803551
1702.96,1.1392799549692791,-1.1563760672875911,0.29493597727675525,-1.5699999999852505,-1.139279954971907,5.33257276368726e-14,0.3920404005896577,0.14233313907081901,0.6417476621276401,9.024507053104203e-12,-0.3920404005900829,-1.053790301547286e-14,0.0380680669720754,-0.16275704328994703,-0.21390821215673472,0.8113547805602679,-0.11675909351792466,0.08659185235534514
1703.01,1.158846608639697,-1.1492722503497756,0.3269654676806281,-1.5699999999848138,-1.1588466086423377,5.320765460505208e-14,0.39214491370036986,0.14237108332057954,0.6419187440957212,8.893955884270444e-12,-0.3921449137004296,1.8279648628105605e-16,0.048677357094864954,-0.15523959740122126,-0.22087206779422547,0.819538168485023,-0.08762848253123307,0.09753224246285246
1703.06,1.1784456561301344,-1.1421566725983727,0.3590479849107165,-1.5699999999844063,-1.1784456561327703,5.313004052886178e-14,0.39188949547749435,0.14227835186265908,0.6415006391024797,8.044197903275818e-12,-0.3918894954772482,-4.369605805659704e-15,0.05807033717048778,-0.14796111135773193,-0.22707601931020618,0.8270810386243781,-0.06129184044177827,0.10808101364414775
1703.12,1.201917222303508,-1.1336351485736107,0.39746959323308323,-1.5699999999839809,-1.2019172223061187,5.271621302794905e-14,0.39210844711165294,0.14235784385556471,0.6418590503707869,6.557418887401245e-12,-0.3921084471111546,-7.879710339081525e-15,0.06772154464553266,-0.13869534340923265,-0.23245416020713366,0.8308317849869709,-0.03228507607985652,0.11968615568190082
1703.17,1.217561009254053,-1.1279555571329782,0.4230775756936281,-1.5699999999837269,-1.2175610092566373,5.241208559073935e-14,0.39229801299783473,0.14242666713842603,0.6421693588570472,5.996352123605747e-12,-0.3922980129971132,-6.559856824406296e-15,0.07705567604631147,-0.12921523951843272,-0.23793739255749938,0.8356992284677719,-0.0037442188329736424,0.13213742043327137
1703.22,1.227069757026307,-1.1245033366015602,0.43870604588745354,-1.5699999999800103,-1.2270697570282982,2.232239698494244e-14,0.043639584912837516,0.015843670927847855,0.07073333023217518,-2.7285831308183296e-11,-0.043639584915633654,-2.647753723764761e-13,0.0384144013073345,-0.057003196132119016,-0.11226658201827219,0.38998942539355735,0.006507662374442519,0.06524723605518415
1703.27,1.2245714449122906,-1.1254103671142508,0.43459057311732546,-1.5699999999797007,-1.2245714449141931,7.425351484594972e-15,-0.10217687378513553,-0.03709606248687727,-0.16767230870102579,-3.3393708084293345e-11,0.10217687378082183,-5.694237263783805e-14,-0.00447237121733131,0.006483906143276776,0.013034881172882738,-0.045135068304431536,-0.000885929388981345,-0.007610546331573239
1703.32,1.216721712552864,-1.128260269945826,0.4217257299055055,-1.5699999999801677,-1.216721712554823,5.296462432788296e-15,-0.1885331075340733,-0.06844832569043409,-0.3088627205016369,-3.0687907327331485e-11,0.18853310752965644,6.969500931236494e-14,-0.02961547128940452,0.04380340911703682,0.08624503997784433,-0.2996151571593986,-0.0052650516882586625,-0.050246397615047914
1703.37,1.2056664669032013,-1.132273957857379,0.40361990304756107,-1.5699999999808716,-1.205666466905275,9.698300281545916e-15,-0.23927252694702367,-0.08686964356034779,-0.3918199806775312,-2.5301653953674775e-11,0.23927252694312587,1.0835711668211179e-13,-0.042790992221170616,0.0683150002439958,0.12904681355551087,-0.451284492832181,-0.0018507867932268363,-0.07303421012901516
1703.42,1.1927411742855796,-1.1369665800183728,0.38245661170393874,-1.5699999999815732,-1.1927411742877747,1.5883185920123376e-14,-0.26923364671588657,-0.0977472475474416,-0.44080541323462147,-2.001432083487218e-11,0.26923364671274375,1.0081776451002777e-13,-0.04807722136559607,0.08517233771815115,0.1526436331900969,-0.53865872421996,0.0076143451232837675,-0.08303047512111343
1703.47,1.1787116376338567,-1.142060106064255,0.3594879181563076,-1.5699999999821987,-1.1787116376361597,2.156433561685278e-14,-0.28692538832803505,-0.10417036392473056,-0.4697308213031425,-1.573464325683744e-11,0.286925388325621,7.74137969439953e-14,-0.04867814880265983,0.09757465674254055,0.1650909209565135,-0.5889213905037395,0.02078874338821237,-0.08572106563521946
1703.52,1.1640300559224452,-1.1473903618450887,0.3354531526612958,-1.5699999999827392,-1.164030055924834,2.5982851706972175e-14,-0.2973721848325108,-0.1079631499138429,-0.4868109855126615,-1.261297755692295e-11,0.29737218483069544,5.3260781202046914e-14,-0.046471309941700865,0.10715060715937061,0.17088304647924876,-0.61707448669523,0.03602698727792444,-0.08428756039611925
1703.57,1.148988755429045,-1.152851216164532,0.3108303089501517,-1.5699999999832026,-1.1489887554315008,2.9199106009787424e-14,-0.3038221059815245,-0.11030484102977041,-0.4973569473217486,-1.0582824655665235e-11,0.3038221059802197,3.3555352507014247e-14,-0.04250728130009798,0.11464119818303299,0.17236312937748322,-0.6308083383668457,0.05222258516059509,-0.08046346900102437
1703.62,1.1336844299814641,-1.1584075636201714,0.2857773577170341,-1.5699999999836285,-1.133684429983967,3.1249119651701395e-14,-0.30734952763963325,-0.1115854972993773,-0.5031239366656687,-9.224086067443488e-12,0.30734952763874485,2.0152987351834684e-14,-0.037708423925560834,0.12137566073306785,0.17219882697381403,-0.6393960319663305,0.06919190450709281,-0.0758349106371604
1703.67,1.1182728748087665,-1.1640028416129264,0.26054914284855246,-1.569999999984017,-1.1182728748113009,3.267371251724959e-14,-0.30968550790755367,-0.11243359204585644,-0.5069435522846694,-8.53911537833374e-12,0.3096855079070213,1.0550750811216814e-14,-0.03209677514442491,0.1266436676417271,0.16974976505508696,-0.6401628743390179,0.08609397200569331,-0.07031147672103455
1703.73,1.0996708254957293,-1.1707564518732148,0.23009839604122362,-1.569999999984468,-1.0996708254982843,3.372713798476584e-14,-0.31128664972012554,-0.11301489830850929,-0.509561658082107,-7.726271174495619e-12,0.31128664971998266,1.7346421608138707e-14,-0.025546980627571745,0.13194647586075184,0.1663996872170888,-0.6391115285451923,0.10495930713634906,-0.06419480433887885
1703.79,1.0810012555360995,-1.1775345759988476,0.19953724290068864,-1.5699999999849226,-1.0810012555386572,3.4295369210727243e-14,-0.3121375621261513,-0.11332382829069207,-0.5109530268472501,-7.774204457272615e-12,0.31213756212633176,1.5544423387359174e-14,-0.018030915649914794,0.13699333323318064,0.1619078419574271,-0.6353369946881549,0.12558415916063947,-0.05756232428953587
1703.84,1.065390456468395,-1.1832021909471657,0.17398319591994083,-1.5699999999853198,-1.0653904564709373,3.4295336901502496e-14,-0.3122597213384593,-0.11336817908849024,-0.5111522856696368,-8.40036053955176e-12,0.3122597213388482,-1.1330996904646007e-15,-0.010916967043686436,0.14128240024397692,0.15751436948452494,-0.6312985190802841,0.14473723826823276,-0.05174289501773769
1703.89,1.049775155112977,-1.1888714404840437,0.14842180507597044,-1.569999999985727,-1.0497751551154944,3.427361496518685e-14,-0.3123318551316859,-0.11339436779113997,-0.511269946012185,-8.665413059414512e-12,0.3123318551323129,-1.3974281801165667e-15,-0.0042687589740236925,0.14441457784504427,0.15280571340033386,-0.6251510408311892,0.16179493956310942,-0.046509012558216
1703.94,1.0341776941189846,-1.1945342129470575,0.12288963330667604,-1.5699999999861438,-1.0341776941214669,3.443715840612934e-14,-0.3126022151629762,-0.11349252398166497,-0.5117122627415764,-9.067597150566598e-12,0.31260221516383124,-3.718705031408032e-15,0.002458778807297184,0.14697660922935274,0.14768001948117668,-0.6175633597073366,0.1785450101285827,-0.04146734120313209
1704.0,1.0154754229315817,-1.201324209493121,0.09227507244806635,-1.569999999986663,-1.0154754229340053,3.487956601840988e-14,-0.3130897805937022,-0.11366953818320762,-0.5125102124236356,-9.14356351050527e-12,0.3130897805947637,1.6173748538378385e-14,0.009911502684929966,0.14946147706956323,0.1419313102601234,-0.6090379301066553,0.19694556758738777,-0.036248083148142436
1704.06,0.9967579336121593,-1.2081197310935488,0.061635607421151976,-1.5699999999872145,-0.9967579336145133,3.5131153397811667e-14,-0.3134082556686688,-0.11378516289251438,-0.5130314491265653,-9.185525170346542e-12,0.31340825566994995,4.221693524278369e-14,0.018122308221497272,0.1519771265226986,0.1356916953065144,-0.6002512661914174,0.21730242801120997,-0.03100887466444818
1704.11,0.9811003019903196,-1.2138043489439014,0.03600495831649393,-1.5699999999877132,-0.9811003019926027,3.4327185286109134e-14,-0.3130100531683534,-0.1136405925598749,-0.5123795732481152,-1.0448935662023262e-11,0.31301005316992825,-8.168433377614415e-15,0.025800370448902526,0.15437769165543344,0.13018668446549492,-0.5936246867071863,0.23674352937894938,-0.02664032133475594
1704.16,0.9654573464800119,-1.2194836385244971,0.010398334684096022,-1.5699999999882237,-0.9654573464822143,3.382044090007287e-14,-0.31277491857391937,-0.11355522522385117,-0.5119946470600873,-1.0769766372112355e-11,0.31277491857571416,-5.741772075157359e-15,0.03269555023878419,0.15542901317134283,0.12434732232621097,-0.5841793323179141,0.25322530908400304,-0.02279745874801169
1704.21,0.949823057066804,-1.2251597818151005,-0.015194102147226685,-1.5699999999887484,-0.9498230570689148,3.345318969449804e-14,-0.31263607394724874,-0.11350481666592703,-0.5117673519960767,-1.1095420697666836e-11,0.3126360739492641,-4.975837450404974e-15,0.03957491010523136,0.15618171166130063,0.11842196302381704,-0.5745630613727492,0.2696478598887448,-0.01925753265018567
1704.26,0.9341938848972728,-1.2308340672529416,-0.04077816181441505,-1.5699999999892886,-0.9341938848992808,3.3139214069484927e-14,-0.3125540875836519,-0.11347505091685826,-0.5116331365343347,-1.1415753108437454e-11,0.3125540875858771,-5.167144923740041e-15,0.04642333334070301,0.15660973401355338,0.11238825161669082,-0.5646693336634818,0.2859705217703931,-0.016014395644412198
1704.31,0.918567734408958,-1.2365072556473184,-0.06635727484997878,-1.5699999999898433,-0.9185677344108552,3.283224000526129e-14,-0.31250567545578745,-0.11345747453994913,-0.5115538836467783,-1.1719255340464363e-11,0.31250567545824665,-5.740037351681382e-15,0.05322368805409716,0.15669769057607572,0.10623624553378289,-0.5544388917889447,0.302160355499538,-0.013066118617755675
1704.36,0.9029433681931884,-1.2421797962485113,-0.0919334669490519,-1.569999999990411,-0.9029433681949621,3.2508527160537055e-14,-0.312477088578416,-0.11344709586536152,-0.5115070856094919,-1.1995728195490774e-11,0.3124770885810855,-6.626752098448652e-15,0.05995795428893599,0.15643704269551323,0.09996323513341553,-0.5438404690025533,0.31818983627229686,-0.010412893976549967
1704.41,0.8873200555725123,-1.2478519543343158,-0.11750793426434648,-1.5699999999909917,-0.8873200555741528,3.21573753272316e-14,-0.31246020831319704,-0.11344096736197706,-0.5114794518365834,-1.2247859844383147e-11,0.3124602083160708,-7.374417916594656e-15,0.06660779718780734,0.15582377455932206,0.09357075423892901,-0.5328594740712765,0.33403520181675284,-0.008055906664174143
1704.46,0.8716973650892033,-1.2535238865486165,-0.14308138311207005,-1.5699999999915835,-0.8716973650907007,3.1772905961165647e-14,-0.31245024068538013,-0.11343734854214632,-0.5114631343699951,-1.2468701418577588e-11,0.3124502406884615,-8.181281173358368e-15,0.07315485837641125,0.15485697554408967,0.08706285563253516,-0.5214913563652559,0.3496753120676989,-0.005996728700770727
1704.51,0.8560750419717886,-1.2591956853880575,-0.16865423056487294,-1.5699999999921852,-0.8560750419731329,3.135412322264378e-14,-0.3124443549008319,-0.11343521166531484,-0.5114534990689821,-1.26644393756703e-11,0.31244435490410827,-8.950631034954082e-15,0.07958090801884747,0.15353797835608782,0.08044511615408856,-0.5097377148707872,0.36509088394547706,-0.004236995901940746
1704.56,0.8404810550083736,-1.2648571965792368,-0.19418069333546661,-1.5699999999927874,-0.8404810550095588,3.1661598188271093e-14,-0.3127533152718448,-0.11354738199090765,-0.5119592491243089,-1.2433920863405556e-11,0.31275331527521905,3.022430396237841e-14,0.08569002475259763,0.15156799502490678,0.07358338895590041,-0.49662117254093946,0.3794885127320228,-0.0027741370247564797
1704.61,0.8248475618043078,-1.2705330508004857,-0.21977182554406952,-1.5699999999934098,-0.8248475618053209,3.075001563837462e-14,-0.31262331741335414,-0.11350018531684514,-0.5117464498701902,-1.3020221728034242e-11,0.31262331741704746,-1.4099507152087742e-14,0.09206389266103694,0.1499831800040856,0.06697254945315352,-0.4855157135395342,0.39547784399294794,-0.0016246437065400067
1704.66,0.809218859788314,-1.2762071655458138,-0.2453551148445863,-1.5699999999940366,-0.809218859789146,3.0022941746829975e-14,-0.31254655497790573,-0.11347231615243915,-0.5116207940374524,-1.3125317022480432e-11,0.3125465549817731,-1.2560807428896315e-14,0.09799608946812992,0.14757880168326235,0.06003654070117301,-0.4724707437855299,0.41000064223929894,-0.0007696975272288192
1704.71,0.7935929869209654,-1.2818802531480038,-0.27093377298628063,-1.5699999999946679,-0.7935929869216078,2.93752780750047e-14,-0.3125012275273869,-0.11345585968950128,-0.5115465955241844,-1.3222738767630637e-11,0.3125012275314271,-1.2158676843121441e-14,0.10374548757912215,0.14486384180129727,0.05303345520185126,-0.4591491240886641,0.4242769272443284,-0.00022008456584027159
1704.76,0.7779687846376002,-1.2875527342324395,-0.29650969647497205,-1.5699999999953032,-0.7779687846380455,2.8752601360127375e-14,-0.3124744621211309,-0.11344614231261207,-0.511502782043418,-1.330870288106245e-11,0.31247446212532587,-1.2384949836519166e-14,0.10929249052080818,0.14183706600444845,0.04596527678517998,-0.4455313042795068,0.43827520043145557,2.4324479668065887e-05
1704.81,0.7658129649387884,-1.2919659936160417,-0.316408076499419,-1.5699999999976348,-0.7658129649383546,-1.8079962428218644e-13,-0.15524646057889316,-0.05636336466642425,-0.2541295565283569,1.6261067470844937e-12,0.1552464605785213,1.4236856051702551e-12,0.10043805560963684,0.12188771328047948,0.03450726730656747,-0.38000372721235803,0.39642163455459095,-2.875574017853667e-05
1704.86,0.7628000246096467,-1.2930598636731556,-0.32134008710628986,-1.5699999999988707,-0.7628000246087084,-2.826796630068897e-13,-0.0072774319409876125,-0.002642124954290949,-0.011912738899011026,1.6200835400063942e-11,0.007277431935028194,2.748018950260328e-12,0.033736537282011855,0.0392958492580222,0.010091433248842504,-0.12199447176911163,0.13199587217548056,-6.453753286180551e-05
1704.91,0.7652406160030212,-1.2921737890909724,-0.3173449789030848,-1.5699999999989998,-0.7652406160020203,-2.708922565675711e-13,0.08009679977999176,0.029079729878209518,0.1311138697336531,2.0008116630241667e-11,-0.08009679978763579,2.798188310020825e-12,-0.011813708329976623,-0.0136705973573722,-0.0034520300710724075,0.042413305931053746,-0.046160504544841593,2.6418602094409097e-05
1704.96,0.7709014633432479,-1.2901185769989214,-0.30807849631406725,-1.5699999999986523,-0.77090146334238,-2.1960063974650396e-13,0.13169040986931746,0.047811167935303975,0.2155696518598485,1.9461490741428528e-11,-0.13169040987681335,2.3585699230254872e-12,-0.03843095401314706,-0.045145548532129466,-0.011843046936068304,0.14027281096996458,-0.1506251949282999,5.94552571219091e-05
1705.02,0.7801107806586914,-1.286775066890095,-0.29300337179023656,-1.5699999999980179,-0.7801107806580696,-1.5258072518543059e-13,0.16675495856357495,0.06054160917794551,0.2729683080015529,1.6797305788050082e-11,-0.16675495856996814,1.675859537947355e-12,-0.05404635233075215,-0.0655247338500507,-0.018510006747157928,0.2042567583484471,-0.2132654409526322,2.4865959804860654e-05
1705.08,0.7907987808625673,-1.2828947101274597,-0.27550772814297286,-1.5699999999973335,-0.7907987808622051,-9.731047288908734e-14,0.1853896973863688,0.06730708760132269,0.3034723072184806,1.4335696041714585e-11,-0.18538969739167302,1.118947138721224e-12,-0.06222952176237558,-0.07884606763634792,-0.024418716570223657,0.24697439400072255,-0.2480702938194686,-9.560506562723813e-06
1705.14,0.8022726137793639,-1.2787290510423273,-0.25672572139230904,-1.5699999999966745,-0.8022726137792419,-5.752872609042709e-14,0.19529296162118998,0.07090254021947465,0.31968338306541333,1.2371624232877798e-11,-0.1952929616256011,7.096161765834941e-13,-0.0650870214954079,-0.08674473803202129,-0.029461805126057825,0.273336387472467,-0.26279367460380104,2.8969945683682855e-05
1705.19,0.8121791193407516,-1.2751324216341413,-0.2405093396758908,-1.5699999999961523,-0.8121791193408134,-3.40601305068303e-14,0.19971259147547218,0.07250711921018115,0.32691806378146493,1.1439755772443133e-11,-0.199712591479413,4.992839637823349e-13,-0.06531574398101288,-0.09151627323020659,-0.033676625377378575,0.2901790449882062,-0.26736766839407244,0.00016513508695652725
1705.24,0.8222485143380858,-1.2714766540231255,-0.2240263172904508,-1.569999999995659,-0.8222485143383148,-1.7938022192666755e-14,0.20232233870817487,0.07345460705806295,0.33119007039703735,1.054448992314147e-11,-0.2023223387116741,3.29928277623473e-13,-0.06416370892289407,-0.09431314440072809,-0.03716058794774484,0.3009373854949305,-0.26641329744761655,0.0003758094809902106
1705.29,0.8324140939184528,-1.2677859658947255,-0.20738584625635884,-1.5699999999951895,-0.8324140939188356,-7.077527126465494e-15,0.20386336835162325,0.07401408915728362,0.33371264758352265,9.919623119875737e-12,-0.20386336835480362,2.1566440040060586e-13,-0.062383470222264044,-0.0963733949233902,-0.040473222951337325,0.3096160930784157,-0.263159504962341,0.0006748774050412168
1705.34,0.8426364695332557,-1.2640746575500184,-0.19065240336972006,-1.5699999999947374,-0.8426364695337814,1.3855441985541155e-16,0.20477333094578942,0.07434445774199597,0.3352022041864696,9.483576684371497e-12,-0.20477333094873235,1.3993168603010364e-13,-0.060220770041395734,-0.09795209404906384,-0.04366177705876747,0.3169993122284153,-0.2585382710168923,0.0010626281857058118
1705.39,0.852892382638433,-1.260351173173786,-0.17386406153386577,-1.5699999999942982,-0.8528923826390927,4.8896638920635055e-15,0.2053106547580173,0.07453953708753826,0.33608177246505466,9.173052562764378e-12,-0.20531065476078353,9.045753512557098e-14,-0.05781895992423379,-0.09920207675810193,-0.04675829058342049,0.32355879942188237,-0.25309268788527567,0.001538599335698808
1705.44,0.8631680992963012,-1.2566204989727001,-0.1570433024174838,-1.5699999999938687,-0.8631680992970886,8.00241486158748e-15,0.20562793909590907,0.07465472949024905,0.33660114873797975,8.948493150900266e-12,-0.20562793909852478,5.83476409549144e-14,-0.055262017039710586,-0.10021477091275943,-0.04978405703823883,0.3295782321100801,-0.247139255184804,0.00210216610010954
1705.49,0.873455509753998,-1.2528855792519389,-0.1402034012211186,-1.5699999999934469,-0.8734555097549069,1.0041020284297058e-14,0.20581529232458504,0.07472274945208807,0.3369078352334607,8.781065176204084e-12,-0.2058152923270848,3.782176937090764e-14,-0.05259961598933503,-0.1010447181771382,-0.05275286987699436,0.3352279018780073,-0.240862731952305,0.0027527432574677717
1705.54,0.8837498252835556,-1.2491481525942663,-0.12335219681794087,-1.5699999999930314,-0.8837498252845811,1.138229411024355e-14,0.20592592253259334,0.07476291455930138,0.3370889305422302,8.645943011011126e-12,-0.20592592253498507,2.4730353398796923e-14,-0.04986167416794734,-0.10172432800106417,-0.05567337817563978,0.34060972570504655,-0.23437141045948465,0.0034898241033702233
1705.599,0.8960690686364949,-1.244675561057936,-0.10318630164623434,-1.5699999999925185,-0.8960690686376587,1.4179159713942737e-14,0.20414589919959877,0.0741166640493658,0.3341751343850404,8.232426947172439e-12,-0.20414589920178827,-9.696426604352548e-15,-0.04750033336675412,-0.10387895202952646,-0.05973008163490138,0.3515663737220911,-0.2305261233509502,0.004461397622116692
1705.649,0.9063489497650051,-1.2409433749153134,-0.08635872553012229,-1.569999999992119,-0.9063489497662747,1.4331222348345405e-14,0.20441691164146233,0.07421505710178257,0.33461876621754694,8.50263875149318e-12,-0.20441691164362896,1.7669324120159202e-14,-0.04356326102987855,-0.1025364290389974,-0.06179974692077053,0.35094787916233144,-0.21913018419297547,0.005398333891795333
1705.7,0.9166761207665127,-1.237194019837939,-0.06945373860284955,-1.5699999999917433,-0.9166761207678779,1.284297472641809e-14,0.20645231932743294,0.07495402677102266,0.33795061191998227,8.385260530634903e-12,-0.20645231932952757,1.4181310206001774e-14,-0.04000146361842903,-0.10108942535754828,-0.06348904169420955,0.3497397133785197,-0.2087019208049107,0.006297370907399899
1705.75,0.926993914499585,-1.233448069246532,-0.052564101726388854,-1.569999999991344,-0.9269939145010478,1.3488518593260786e-14,0.2063020806074963,0.07489948150302711,0.33770467974761736,8.240002267751595e-12,-0.2063020806095079,7.772184588625275e-15,-0.03792799598684762,-0.10341240391770946,-0.06759129043786435,0.3618379201325774,-0.20616726123476084,0.00752880804731957
1705.8,0.9373061710494187,-1.2297041289700716,-0.03568352890148521,-1.5699999999909515,-0.9373061710509758,1.3853501485260445e-14,0.20621336614578428,0.07486727306763775,0.3375594592590079,8.115765329740066e-12,-0.2062133661476872,4.5567662056850144e-15,-0.034960710383763346,-0.1034230401525468,-0.07026708605620331,0.36617233502628926,-0.19902545611135716,0.008706335554745172
1705.85,0.9476151579479227,-1.2259613757644887,-0.018808308308393928,-1.5699999999905656,-0.9476151579495693,1.4074218809885916e-14,0.20616098114327794,0.0748482543085189,0.33747370801248894,7.993477028293144e-12,-0.20616098114509032,2.996870330021495e-15,-0.03198701408144317,-0.10335468551245526,-0.07291774358825635,0.3704683826897392,-0.19189111216365787,0.0099683052674432
1705.9,0.957922214150014,-1.2222193235123935,-0.0019362481546762378,-1.569999999990186,-0.9579222141517444,1.4221664233811782e-14,0.20613004832314835,0.07483702392131776,0.3374230727586856,7.87385141896163e-12,-0.20613004832486956,2.2106882296979435e-15,-0.02900476153017912,-0.10319709986828056,-0.07553699948688317,0.3746915720020252,-0.18474260683819937,0.011314039132273242
1705.95,0.9682281302951786,-1.2184776851663293,0.014933945791182863,-1.569999999989812,-0.96822813029699,1.433196497262345e-14,0.20611178280219516,0.07483039248984612,0.33739317314737854,7.750582402439588e-12,-0.20611178280382156,1.832410091717751e-15,-0.026014264861463698,-0.1029442661906103,-0.07812049121028064,0.3788207605969698,-0.17756895117376661,0.012742843175410447
1706.0,0.9785333732481302,-1.2147362912276445,0.031803037759948666,-1.5699999999894443,-0.9785333732500171,1.4421348849442668e-14,0.20610099719473143,0.07482647669574356,0.3373755177255663,7.615264294809007e-12,-0.2061009971962609,1.655143036516371e-15,-0.023017217127413565,-0.10259272966089977,-0.08066506370835844,0.3828428597229449,-0.17036528584849664,0.014254012552296668
1706.05,0.9888382186878116,-1.2109950416090793,0.04867147902224388,-1.5699999999890835,-0.9888382186897696,1.4498396538418056e-14,0.20609462840137147,0.07482416445832986,0.337365092375172,7.472885428950332e-12,-0.2060946284028152,1.5527943514337395e-15,-0.02001608136370225,-0.1021406065191984,-0.08316832993120708,0.386749651758759,-0.16313028493184012,0.015846830631527423
1706.11,1.0011716636979886,-1.206517294057241,0.06886062149245306,-1.5699999999886685,-1.0011716637000263,1.4073141709237644e-14,0.20644664715422792,0.07495196744434673,0.337941326892554,7.054261498941686e-12,-0.20644664715553787,-1.0964129994531224e-14,-0.016670615779587512,-0.10123271161380556,-0.08561951184055316,0.38977336812316354,-0.1547003925461468,0.017633707249818165
1706.16,1.0114892483780107,-1.2027714193641887,0.08574991616083495,-1.569999999988319,-1.011489248380113,1.4438560640246024e-14,0.20629873124597542,0.07489826549033166,0.337699197029711,7.1782357889769305e-12,-0.20629873124720222,3.847941930368304e-15,-0.013440994770296207,-0.10093303983955278,-0.0886400172229646,0.39546479853557953,-0.14733663275532158,0.01965758939732758
1706.21,1.0218013814841136,-1.199027523905002,0.10263028691516075,-1.5699999999879792,-1.0218013814862699,1.46294045900473e-14,0.20621138838129213,0.07486655502312738,0.33755622176606354,6.9834785740643945e-12,-0.20621138838243463,1.984089975648473e-15,-0.010433453267538802,-0.10009601167957793,-0.09095318110259155,0.39875339192244474,-0.13991157504008633,0.02149875555485983
1706.26,1.0321102954903278,-1.1952847971636282,0.11950538818745324,-1.569999999987649,-1.0321102954925352,1.473255444632529e-14,0.20615981329312308,0.07484783030918297,0.3374717963021519,6.796132206261449e-12,-0.20615981329418806,1.1123101138071911e-15,-0.007441622053386383,-0.09918252179769188,-0.09323695027965415,0.40200326858589197,-0.13250721457329065,0.023421052308848916
1706.31,1.0424037873842056,-1.1915476695331264,0.136355244345858,-1.5699999999873318,-1.0424037873864616,1.4637795745656206e-14,0.20627959500868429,0.07489131793803713,0.33766787210299876,6.647572710393249e-12,-0.2062795950096844,2.8460578078287613e-15,-0.004461300910477311,-0.09804079312921411,-0.09534232127288667,0.4045844111945662,-0.12493106428214387,0.025384238118234526
1706.36,1.0526460508708733,-1.1878291407511368,0.15312124253822887,-1.569999999987038,-1.052646050873173,1.3907074950369026e-14,0.2069685812487517,0.07514145943794999,0.33879570307891216,5.641555121281214e-12,-0.20696858124964515,-2.9755115472235305e-14,-0.0015111078957571887,-0.09643225630792118,-0.09700560354866268,0.4054378473858083,-0.11693522543219749,0.02730357578465801
1706.41,1.0629678482727556,-1.1840817365986473,0.17001743319053983,-1.5699999999867276,-1.062967848275095,1.43354989024996e-14,0.20677385731990036,0.07507076348981677,0.3384769511707462,6.365286824103894e-12,-0.20677385732069595,7.681409761733926e-15,0.0014123202214420783,-0.09608929407783921,-0.10000533402177803,0.4119302852750545,-0.1105527454275897,0.029695260188324874
1706.46,1.0732974925779248,-1.1803314835704621,0.18692646877364788,-1.569999999986427,-1.0732974925802985,1.470576400037855e-14,0.20649194557667647,0.07496841336598395,0.338015477806191,6.080930192980255e-12,-0.20649194557739964,3.0527338469588106e-15,0.004344155622562139,-0.09489046666025429,-0.10221210412599795,0.41515503710961804,-0.1032035970285881,0.031963773977377485
1706.52,1.085661213842599,-1.1758427440028365,0.20716517173637428,-1.5699999999860894,-1.0856612138450084,1.4687100489971293e-14,0.20650756150178864,0.0749740828411708,0.3380410401781763,5.5156496232312835e-12,-0.20650756150240926,-8.003146756419e-15,0.0075126976916786575,-0.09310417658506406,-0.1041836962656051,0.41696835814627603,-0.09474670542457723,0.034411420056872206
1706.57,1.0959810435757247,-1.172096054226967,0.22405814142752603,-1.5699999999858136,-1.0959810435781625,1.484689045009769e-14,0.2063347005590634,0.0749113244096328,0.33775807672350766,5.595657455188113e-12,-0.2063347005595868,1.0339494017908013e-15,0.010677572131914944,-0.09164317245543127,-0.10657497616599543,0.42056638763708976,-0.08674548051800542,0.03711373628110514
1706.62,1.1062945023632325,-1.1683516774695926,0.24094068224584458,-1.5699999999855507,-1.106294502365692,1.490243198609482e-14,0.20623262790096994,0.07487426618304834,0.3375909896321979,5.366834255650377e-12,-0.20623262790138772,-5.979374981257557e-17,0.013500756020897797,-0.08999982864618197,-0.10844666085194059,0.42272510421361165,-0.07925747600682924,0.03955973411482304
1706.67,1.1145424756208882,-1.1653571903632212,0.25444214165527124,-1.569999999985348,-1.1145424756233648,1.4909423219858604e-14,0.20618201168950323,0.07485588959640466,0.3375081337945406,5.185998481235625e-12,-0.20618201168983,-4.386139888790108e-16,0.016287878260372177,-0.08829263387768314,-0.11029035270403065,0.4248670311865983,-0.07180928100398673,0.042083706592898285
1706.73,1.1289544432027656,-1.1601248199671343,0.2780337064236396,-1.5699999999850154,-1.1289544432052578,1.4757018980456424e-14,0.2063377179752018,0.07491241990319643,0.3377630160561204,4.601159717446644e-12,-0.20633771797544304,-6.152278122714683e-15,0.01927391138734353,-0.08618592546723844,-0.11208280467732347,0.4264347425706743,-0.0635481419965955,0.04486356206567768
1706.78,1.1392680131998596,-1.1563804028343572,0.29491642928549183,-1.5699999999847842,-1.1392680132023603,1.4806827743256448e-14,0.20623440965505144,0.07487491306079512,0.33759390625756996,4.6898546651004056e-12,-0.2062344096551914,4.9629354445523965e-17,0.022295560444879643,-0.08434266947587542,-0.11428832848255202,0.4296686110644829,-0.05557181810301896,0.04792891530323
1706.83,1.1495406802957444,-1.1526508357995013,0.3117321964427291,-1.569999999984576,-1.1495406802982477,1.460377894315202e-14,0.2065855780149405,0.07500240730527041,0.3381687487297617,3.909170079655078e-12,-0.2065855780150688,-8.662043521692753e-15,0.024841865474389657,-0.08203056002391707,-0.115480836206719,0.42965884174901864,-0.04799527097133882,0.050460549332390144
1706.88,1.1598483617687407,-1.1489085565385644,0.3286052801280783,-1.5699999999843655,-1.1598483617712465,1.4638242586029042e-14,0.20654769774037562,0.07498865459440532,0.33810674089188647,4.335792033564878e-12,-0.2065476977403355,1.3875077302383243e-15,0.0275426302202289,-0.08031038614119672,-0.11756244222693366,0.43304713707288667,-0.040839591865749106,0.0534697255744037
1706.93,1.1681060867529962,-1.1459105289964864,0.3421227025547028,-1.5699999999842018,-1.1681060867554995,1.4686118243460572e-14,0.20638872901112892,0.07493093983256162,0.3378465181939876,4.109505352114726e-12,-0.2063887290110246,4.6214117602194626e-17,0.030150456786733004,-0.07830703019938062,-0.1193272884420013,0.4353215784997194,-0.0335551620638607,0.05644287203583848
1706.98,1.1804840030331494,-1.1414166358246913,0.36238464194341685,-1.569999999983973,-1.1804840030356447,1.4673711704448292e-14,0.2062466225420484,0.07487934703768065,0.33761389804899533,3.818832430184729e-12,-0.2062466225418235,-8.470329472543003e-16,0.032641528104627435,-0.07604772555814521,-0.12076992165282234,0.43650353588880164,-0.02621497223329305,0.05935783903232568
1707.03,1.1907942156260707,-1.1376734376221664,0.3792618689268257,-1.569999999983795,-1.1907942156285511,1.4626648751412726e-14,0.20618061871270085,0.07485538386368139,0.33750585356303375,3.595372446757363e-12,-0.20618061871241347,-1.1866050676767603e-15,0.03508299162359922,-0.0737380443227258,-0.12218723565242462,0.4376892232132102,-0.018925765916783223,0.06234827064887705
1707.08,1.2011019955884548,-1.133931122603989,0.3961351138334542,-1.569999999983628,-1.201101995590922,1.4563547114324435e-14,0.20614164411152233,0.07484123384900042,0.3374420543741748,3.3790948825943717e-12,-0.20614164411116492,-1.5101174434192788e-15,0.03747067671554382,-0.0713688254048322,-0.12356506766476064,0.43882616539236985,-0.011680756134773417,0.06540799304354072
1707.13,1.2114083391068373,-1.1301893290973393,0.4130060073635488,-1.5699999999834713,-1.211408339109285,1.44903255070531e-14,0.20611862999927624,0.0748328784067468,0.33740438159082053,3.1693189197178062e-12,-0.2061186299988311,-1.5699247457590104e-15,0.039800981645090695,-0.06893579114963701,-0.1248947601426495,0.4398836605864625,-0.0044777931482513425,0.06853262043396546
1707.18,1.2217138344193987,-1.1264478435380356,0.4298755124292988,-1.5699999999833245,-1.2217138344218241,1.4411585703747115e-14,0.2061050403961366,0.07482794460157119,0.337382136188674,2.9627574028303575e-12,-0.20610504039561786,-1.7102340594057908e-15,0.04207076387959914,-0.06643752669119588,-0.12617098229884477,0.4408439766407487,0.002682781559462707,0.07171888796472499
1707.23,1.2320188288749065,-1.122706539818565,0.4467441976207238,-1.5699999999831875,-1.232018828877307,1.432621466245618e-14,0.20609701587139306,0.07482503123888681,0.337369000500876,2.7595005849866214e-12,-0.2060970158707706,-1.833548503998861e-15,0.044277239173729804,-0.06387430338620251,-0.127390417711644,0.44169711797782407,0.009799309115119828,0.07496422834109007
1707.28,1.242323527579333,-1.1189653434737001,0.4636123986845459,-1.5699999999830605,-1.2423235275817044,1.4235459622254468e-14,0.20609227746975606,0.07482331092729647,0.33736124400832346,2.5597372969355953e-12,-0.20609227746906156,-1.915731028673262e-15,0.04641790126944381,-0.061247393941044254,-0.12855097447861763,0.44243771588181496,0.01686945199923972,0.07826650413957299
1707.33,1.252628051645702,-1.1152242105324686,0.48048031387584744,-1.5699999999829428,-1.25262805164804,1.4139452774491882e-14,0.2060894794909662,0.0748222951004556,0.3373566638767927,2.359858483754959e-12,-0.20608947949021122,-2.0335566997681243e-15,0.048490462693319386,-0.05855867363653396,-0.12965131026142518,0.44306318095493147,0.02389053963598756,0.08162383911256414
1707.389,1.2649170968661878,-1.1107625826499479,0.500596776434026,-1.5699999999828032,-1.2649170968684793,1.3818373551712329e-14,0.20464499096295102,0.07429786295893043,0.3349921189594772,1.3122518327366882e-12,-0.20464499096225042,6.881336321075404e-15,0.05128326228865074,-0.0561986662671959,-0.13233870074398443,0.44887789539265016,0.03190870810262484,0.08637639868289848
1707.44,1.2752526739363612,-1.1070101756882575,0.5175155236123479,-1.569999999982727,-1.2752526739386143,1.4039736857544698e-14,0.20658699788603857,0.07500292279782113,0.33817107296827115,2.0500140177318866e-12,-0.20658699788513102,-3.1356075505181713e-15,0.05181415110588871,-0.051483136769565736,-0.12941376433837676,0.43582116895476125,0.03838997905905364,0.08752795703072762
1707.49,1.285575431368921,-1.10326242298989,0.5344132857787992,-1.569999999982633,-1.2855754313711298,1.3854372641706015e-14,0.20638160694958768,0.07492835411370778,0.33783485977865685,1.7944797454284996e-12,-0.20638160694862928,-2.778051226559608e-15,0.054743017509767226,-0.04967667792221763,-0.133019760117109,0.4451689683071545,0.04606042037114795,0.09288834859658252
1707.54,1.2958720712436191,-1.099524152462223,0.5512682950001778,-1.5699999999825567,-1.2958720712457823,1.3798762421501247e-14,0.20646641110046982,0.07495914288153382,0.337973679311319,1.3098705181900953e-12,-0.2064664110994898,3.3824397276116525e-15,0.05635424760221015,-0.046616518945626004,-0.13348682500201087,0.4440607971310707,0.05271362291563205,0.09619706158338671
1707.59,1.3061903843416693,-1.0957780133120654,0.5681587820457592,-1.5699999999824827,-1.3061903843437834,1.360072945235487e-14,0.20631040165859463,0.07490250251101624,0.337718300798182,1.4047822133382527e-12,-0.2063104016575076,-2.998049399884073e-15,0.058176985999009063,-0.0437503671972304,-0.13457891724872467,0.44512989658456276,0.05956995551592223,0.1000459772316181
1707.64,1.3165029475713295,-1.0920339616937502,0.5850398568863732,-1.5699999999824197,-1.3165029475733911,1.343341610493337e-14,0.20621827964325257,0.07486905693846428,0.3375675023395097,1.204175814102518e-12,-0.2062182796421014,-2.8498525154324605e-15,0.05975297822261827,-0.04070179288154855,-0.1352127887607756,0.4447737304564428,0.06620104460994994,0.10365410922522655
1707.69,1.3267768749501148,-1.0883039371041077,0.6018576870538643,-1.5699999999823757,-1.3267768749521227,1.3543993599902093e-14,0.20655544485982305,0.07499146723979681,0.33811942247043153,8.075438003029862e-13,-0.20655544485866792,4.063887898073104e-15,0.061025630342404484,-0.037488326269060304,-0.1353000471066333,0.4427339729032037,0.07248100463905124,0.10691213628296926
1707.74,1.337098469467497,-1.084556606610637,0.6187535455947326,-1.5699999999823255,-1.3370984694694459,1.3253552724342062e-14,0.2063629752031647,0.07492158972123604,0.3378043606758172,8.983388475648519e-13,-0.20636297520190097,-4.009027268145338e-15,0.0627884687423113,-0.03458081618511725,-0.13658873658576087,0.4447206017773111,0.07937568710458286,0.1112155543436109
1707.79,1.347397946713522,-1.080817305954546,0.6356131994302315,-1.5699999999822911,-1.3473979467154087,1.315463787017002e-14,0.20641625300599462,0.07494093261775359,0.3378915733846684,7.389118986545883e-13,-0.20641625300469155,-4.5648706169243436e-15,0.06400282929417958,-0.03136425424553468,-0.13679134957290234,0.4432609453163145,0.08562683236342548,0.11473966692505438
1707.84,1.3577144111898585,-1.0770718379600621,0.6525006603879547,-1.569999999982259,-1.3577144111916812,1.290206116983837e-14,0.20628078380536893,0.07489174953208957,0.3376698180686819,5.236266945756775e-13,-0.20628078380402703,-3.6974004587186915e-15,0.06540189735134713,-0.0282490104282475,-0.13750790105773697,0.44356864798998014,0.092157111603203,0.11878346603922176
1707.9,1.3700692276971767,-1.0725863313301565,0.672724786772091,-1.5699999999822383,-1.3700692276989206,1.2858447036808433e-14,0.20639534147884186,0.07493334053433698,0.337857342412586,2.9407818411333886e-14,-0.2063953414775335,7.30390411780163e-15,0.06656228059411129,-0.024669132628484622,-0.13763808952050643,0.44190503795963143,0.0988541967224167,0.12276212664999646
1707.95,1.380384921460362,-1.0688411431487326,0.6896109861165439,-1.5699999999822254,-1.3803849214620367,1.257353472496634e-14,0.2062684357577127,0.07488726648284619,0.33764960502211405,1.7553394447613474e-13,-0.2062684357562909,-4.142668738431332e-15,0.06791468710653407,-0.021166468273419548,-0.13830110770985649,0.44207060494254624,0.10588340124611534,0.12733260119209527
1708.0,1.3906959379989756,-1.0650976530679517,0.706489529112487,-1.569999999982222,-1.3906959380005819,1.2349912917588467e-14,0.206193499198433,0.07486006021604484,0.33752693817007934,4.870100633533325e-15,-0.20619349919696334,-3.6509288431005316e-15,0.06888709928856089,-0.017896277368989088,-0.13849773208582433,0.44102869957857904,0.11194212059694564,0.1312152743920591
1708.05,1.401004192683257,-1.0613551656986198,0.7233635511111965,-1.5699999999822258,-1.40100419268479,1.215533605970732e-14,0.20614924990952221,0.07484399518755559,0.33745450462057985,-1.6860831172004973e-13,-0.2061492499080294,-3.514332921894514e-15,0.0697850554441722,-0.01461306537957171,-0.13866070214721482,0.43998538198726816,0.11793039611687191,0.1351521716200235
1708.1,1.4103181429258755,-1.0579736678392577,0.7387037710881199,-1.5699999999809906,-1.410318142927005,-4.850083505260718e-14,0.1089166161520954,0.0395429752879464,0.17829025700456122,-4.53691373545847e-13,-0.10891661615055745,-7.468601204065756e-14,0.07046099524556729,-0.011297120654857612,-0.1385012361009091,0.43802887965851106,0.12358708450977358,0.13885073321369046
1708.15,1.409654115299713,-1.058214747932129,0.7375783767879938,-1.5699999999795486,-1.4096541153003965,-1.22762566948179e-13,-0.08143860994364532,-0.029566883880850867,-0.1339258716866753,-2.5676445351678363e-11,0.08143860993776321,1.1743737662287413e-12,0.008539071271964092,-0.0011595568944469119,-0.017076667806020844,0.05392709656292327,0.015089109334753775,0.01700455991972035
1708.2,1.4020003210610779,-1.0609935139932847,0.7250268682522494,-1.5699999999794911,-1.4020003210617284,-1.2485614149557243e-13,-0.19412976256667794,-0.07048023228505648,-0.3181427605306838,-2.800111879153579e-11,0.1941297625591926,1.3835126620731497e-12,-0.04485783900435886,0.006540805294004535,0.08805878974505703,-0.27823494271169,-0.07946257170946305,-0.08888485543115222
1708.25,1.390167246405385,-1.0652895984226187,0.7056434074428422,-1.5699999999799343,-1.3901672464061827,-9.813903868161814e-14,-0.2603844661112092,-0.09453448770851298,-0.4264490685533649,-2.399594520481607e-11,0.26038446610396393,1.2361597476976544e-12,-0.07602865121234069,0.014257839606299427,0.15042134212072036,-0.47659279745258964,-0.13060200555590082,-0.14837475274938391
1708.3,1.3758922950212995,-1.0704722240845534,0.682268220175278,-1.5699999999804712,-1.3758922950223005,-6.547806140603093e-14,-0.2995072060068485,-0.10873828499148828,-0.4904028603727449,-1.8577691915746576e-11,0.29950720600045044,9.780332739430658e-13,-0.09303746059072883,0.023092848223227234,0.18659443767720646,-0.5937007237704621,-0.15255203453666066,-0.17787838628774044
1708.35,1.3601754398478747,-1.076178343478854,0.6565359583516123,-1.5699999999809509,-1.3601754398490893,-3.614304736031485e-14,-0.32260879268756903,-0.11712548524795033,-0.5281669349013162,-1.3651354379600258e-11,0.3226087926821317,7.220911694104382e-13,-0.10162204397027946,0.03272575316357363,0.20752898394370778,-0.6638727644795311,-0.15710827409541228,-0.18995613753607637
1708.4,1.343639187702251,-1.0821819509457817,0.6294643034247848,-1.5699999999813272,-1.3436391877036615,-1.3253249582842388e-14,-0.3366059685659773,-0.12220726247475436,-0.5510488638380298,-9.376094207134457e-12,0.3366059685614946,4.958288011940037e-13,-0.10480855659831374,0.04256966057776757,0.21883468670385367,-0.7045188907798345,-0.15103321157637853,-0.19154190395477005
1708.45,1.3265550242458053,-1.0883844816274084,0.6014968785617796,-1.5699999999816323,-1.3265550242473965,4.139001034286847e-15,-0.34451524099092906,-0.1250787817612218,-0.5639777934855826,-7.159780492820619e-12,0.34451524098702746,3.526639700754397e-13,-0.10531004735324787,0.052632325981643156,0.22573126235169041,-0.7320366096198782,-0.13966058364160422,-0.18839889474320434
1708.5,1.3091793574357922,-1.0946928447367115,0.5730529463605603,-1.5699999999818686,-1.309179357437543,1.6443021087531807e-14,-0.3491855872650498,-0.12677438518427517,-0.5716121971523253,-5.34629897183626e-12,0.34918558726170873,2.373843309422252e-13,-0.10337974018395556,0.06236321676805555,0.22846003945461563,-0.7469417295358977,-0.12417999767434404,-0.18142699478605234
1708.55,1.2916635936068905,-1.1010520710948697,0.544380077192578,-1.5699999999820515,-1.2916635936087786,2.472614381040663e-14,-0.35229929999588766,-0.12790484139748912,-0.5767028567433817,-3.790078148514179e-12,0.35229929999306553,1.4982177824751641e-13,-0.099887868469302,0.07166561353924762,0.22860625655456354,-0.7541303454666939,-0.10638796481535216,-0.17245446918385146
1708.6,1.274024390205133,-1.1074561130941116,0.5155053770679848,-1.5699999999822187,-1.2740243902071477,3.057355675054339e-14,-0.35404146191735497,-0.128537346044077,-0.5795509501523077,-3.814198177491056e-12,0.35404146191478586,1.0918983816068928e-13,-0.0957846664516548,0.0808949533589168,0.2281537012201983,-0.759993618283042,-0.08767096442448562,-0.16325138257823038
1708.65,1.256297625949273,-1.1138919447028006,0.48648748216188376,-1.5699999999823844,-1.2562976259514025,3.4686902970169304e-14,-0.3548107254598233,-0.12881663280764943,-0.5808079904330715,-3.569911500336505e-12,0.3548107254575975,7.231075547370347e-14,-0.09097746911801029,0.0898677815351007,0.2268251217846426,-0.763569336764761,-0.06804552362225876,-0.153704721270336
1708.7,1.2385425097932188,-1.1203380696765244,0.45742325790487703,-1.5699999999825496,-1.238542509795447,3.7469980232739905e-14,-0.35526496788902734,-0.1289815488488036,-0.5815502601490405,-3.622675632240259e-12,0.3552649678870713,4.872160617661048e-14,-0.08539471905957047,0.09832561263562861,0.22430854720323773,-0.7637142860030441,-0.047650373178370155,-0.1437261374456849
1708.75,1.2207706521236195,-1.1267902727793757,0.428331676629423,-1.5699999999827248,-1.2207706521259318,3.938931373997168e-14,-0.35553319350105234,-0.12907893012210445,-0.5819885629943323,-3.874452868994974e-12,0.3555331934993312,3.3784715476603555e-14,-0.07935969723079973,0.1064469014420324,0.2212986801490816,-0.7626926429115187,-0.02686049610691625,-0.1338663553532487
1708.8,1.202988908757685,-1.1332460649567038,0.3992239413081092,-1.5699999999829173,-1.202988908760073,4.0745693592157097e-14,-0.35569157804270307,-0.1291364327903758,-0.5822473764422872,-4.2577119943858904e-12,0.35569157804120566,2.3955880681936215e-14,-0.07292563402014367,0.11421787791724598,0.2178690849042236,-0.7607185210373397,-0.005759735490355799,-0.12420415878742964
1708.85,1.1852013279869222,-1.1397039764466301,0.37010666718421237,-1.5699999999831311,-1.1852013279893738,4.173081356386523e-14,-0.3557851025306899,-0.1291703875411991,-0.5824002031961295,-4.725354059865322e-12,0.3557851025294371,1.757404985425204e-14,-0.06613182905753598,0.12162323872474139,0.21406446689883935,-0.757914831045387,0.015593920071713903,-0.11478888443768498
1708.9,1.1674103002869818,-1.1461631393694656,0.3409837604927289,-1.5699999999833694,-1.167410300289487,4.246511295815805e-14,-0.35584032780560915,-0.1291904374822836,-0.5824904458670829,-5.258015594103438e-12,0.35584032780456976,1.3176200581999087e-14,-0.05901005050130541,0.12864651836928914,0.20991275456435882,-0.754350972042161,0.03715625108152224,-0.1056531666994215
1708.95,1.1496172372098301,-1.152623041250932,0.3118575278263572,-1.5699999999836343,-1.149617237212379,4.3023751759608494e-14,-0.35587293777816675,-0.12920227677231452,-0.5825437332630533,-5.82817699808745e-12,0.3558729377774017,1.0183152064635603e-14,-0.05158823593951452,0.1352706311103811,0.20543223504068153,-0.7500652105296819,0.05889018746999223,-0.09682010803308173
1709.0,1.1318463241713352,-1.159074901398646,0.2827675569406655,-1.569999999983922,-1.1318463241739147,4.354211277561172e-14,-0.35615165929136094,-0.12930346866005393,-0.5829999293349419,-6.4934619096665425e-12,0.3561516592908128,7.357124891943512e-15,-0.04383433545684368,0.14126779154834815,0.20034685257761767,-0.7439954856304355,0.080628561177362,-0.08818477775567335
1709.05,1.1140417866920773,-1.1655389691459184,0.25362254680247615,-1.569999999984248,-1.1140417866946768,4.38261641496137e-14,-0.356056775907179,-0.12926902055319375,-0.5828445781586759,-7.07807065996463e-12,0.35605677590690615,5.771262374248964e-15,-0.03597968435685048,0.14733444030125076,0.19565607486327993,-0.7398481736118931,0.10277633283214588,-0.08018614470966462
1709.11,1.0927448851245956,-1.1732709652564695,0.2187607378001807,-1.5699999999846581,-1.0927448851272026,4.45748110623056e-14,-0.3567045092641877,-0.12950418489311818,-0.5839048585640776,-6.8631262240166635e-12,0.3567045092642459,3.4601553393354134e-14,-0.02689277636750553,0.1526048725033304,0.1890183527755716,-0.7301767246025291,0.1265547192127515,-0.07131582485058446
1709.16,1.0749199718620213,-1.179742430581228,0.18958237568062325,-1.5699999999850587,-1.0749199718646198,4.4460980296745587e-14,-0.3563832282876941,-0.12938754148330814,-0.5833789298240567,-8.534832237651335e-12,0.35638322828796326,6.54912322289869e-16,-0.017789831272609587,0.15862703917449728,0.18362623830868097,-0.7258460238330852,0.15151150349083847,-0.0635145823733371
1709.21,1.0571068996989936,-1.186209596908106,0.16042339713817297,-1.569999999985484,-1.0571068997015716,4.439821691718257e-14,-0.3561935150838318,-0.12931866471604578,-0.5830683741624182,-9.11196920867774e-12,0.3561935150843764,4.2343515846421376e-16,-0.009193823579291029,0.1628058714888407,0.1774468103663833,-0.7174214856196548,0.17356446517540283,-0.05641766452391481
1709.26,1.03933285238319,-1.1926625949783882,0.13132830025547163,-1.5699999999859264,-1.0393328523857344,4.472207504499788e-14,-0.35643741129357404,-0.1294072130220844,-0.5834676147208605,-9.239310163298986e-12,0.356437411294349,2.1576978485177145e-14,-0.00048747553461447803,0.16619565195885494,0.17072323144388318,-0.7071421555417882,0.1951942763258814,-0.049637844951304626
1709.31,1.021517783256715,-1.1991304863175825,0.10216605315119714,-1.5699999999864123,-1.021517783259214,4.4434473071511335e-14,-0.3562255096070058,-0.12933028056435514,-0.5831207417110654,-1.0359421979098948e-11,0.35622550960807636,-3.0702437120444515e-15,0.00832558091790483,0.16991294239961507,0.16458801322064878,-0.699724444858989,0.2177502118038101,-0.04349282500954736
1709.36,1.0037105239576118,-1.2055955422417974,0.07301659036389807,-1.5699999999869243,-1.0037105239600512,4.420243851934882e-14,-0.3561003837800846,-0.1292848527175247,-0.5829159166681647,-1.090915302971035e-11,0.35610038378143594,-3.3227543980163254e-15,0.01721922391012721,0.1726083247514003,0.1576745322942332,-0.6894741790046591,0.23962584482563978,-0.03759277688653711
1709.41,0.9859078762834708,-1.2120589238818453,0.04387467658786227,-1.5699999999874608,-0.985907876285839,4.3972258169741673e-14,-0.35602649823053695,-0.1292580280287413,-0.5827949695299292,-1.1456498943962501e-11,0.35602649823217825,-4.124088223700362e-15,0.02615494011865815,0.17481236727017976,0.15055272218774082,-0.6787047598980712,0.26140687556683534,-0.03211091682602317
1709.46,0.968107951727756,-1.218521316873859,0.014737220427426829,-1.5699999999880225,-0.9681079517300384,4.371318643432302e-14,-0.35598286955238295,-0.12924218831871795,-0.582723551455455,-1.198380956100864e-11,0.3559828695543028,-5.352814545778184e-15,0.03510653667812503,0.17650710317365603,0.14321533624029362,-0.6673609889790989,0.2830560730861006,-0.02704710873780457
1709.51,0.950332987054783,-1.2249746479976622,-0.014359377819970225,-1.5699999999886025,-0.9503329870569669,4.377220790692813e-14,-0.3562165729046801,-0.1293270360337932,-0.5831061101937909,-1.253397884613816e-11,0.3562165729068963,-1.0163528005313616e-14,0.043974832844743156,0.17742121048352416,0.13547049829252142,-0.6544680319358952,0.304078514345073,-0.02237471632445076
1709.57,0.9290520900837919,-1.2327008335228078,-0.04919498625524482,-1.5699999999893144,-0.9290520900858421,4.477773874347485e-14,-0.3570421351116287,-0.129626762440957,-0.584457508030794,-1.2712606900326662e-11,0.3570421351141135,1.565316886525947e-14,0.05358081538101571,0.17764705706432907,0.12663669404115127,-0.6390723696650221,0.32655128924339744,-0.01770794436252251
1709.62,0.9112147333167511,-1.2391768165535053,-0.07839371676854423,-1.569999999989961,-0.9112147333186712,4.332587537436301e-14,-0.35658259297427547,-0.12945992230331718,-0.5837052638179806,-1.3528996716319353e-11,0.3565825929771272,-1.728001422507397e-14,0.06363747892456238,0.17885288548644077,0.1186571090411106,-0.6286244456748864,0.35183236428856585,-0.013741295153788406
1709.67,0.8934263461851256,-1.2456350207993925,-0.10751228679293318,-1.5699999999906091,-0.8934263461869036,4.307627241019752e-14,-0.35666715789708503,-0.1294906242181397,-0.5838436917017199,-1.3345648154292067e-11,0.356667157900118,2.6338957057059353e-14,0.07214604879138785,0.17778803497962728,0.11009750318277249,-0.612804419763082,0.3715044729385987,-0.010426884971116442
1709.73,0.8756739935327094,-1.2520801424638082,-0.13657187043908578,-1.5699999999913734,-0.8756739935343084,3.36321908257249e-14,-0.3492427734889372,-0.1267951470775433,-0.5716904000013873,-1.4098135419499114e-11,0.34924277349242905,-3.1750210099934506e-14,0.08143272156477883,0.17638019386962356,0.10076460264891086,-0.596110680553751,0.3934355208187247,-0.007305798541583486
1709.78,0.8542668359662325,-1.2598521678230865,-0.17161416021762552,-1.5699999999920968,-0.8542668359676502,4.153065818765106e-14,-0.3565747726237017,-0.1294570830698113,-0.5836924622609017,-1.4492130043751439e-11,0.3565747726274473,-2.1173384226469416e-14,0.0910023493680085,0.1753135636043575,0.09174465718496135,-0.5819123960680159,0.4172322294975096,-0.004795342432586274
1709.83,0.8420073951887255,-1.2643030475989518,-0.19168216200797777,-1.569999999994862,-0.8420073951893436,-1.7581952911256922e-13,-0.15580677095913384,-0.05656678944947918,-0.2550467524721452,5.56507357557523e-12,0.1558067709590417,1.5063208926718863e-12,0.07867122331828535,0.1386248142460484,0.06705714854973947,-0.4539486242942102,0.3478893404990009,-0.002490601050176258
1709.88,0.8387142462341111,-1.2654986494499014,-0.19707285807090388,-1.5699999999959142,-0.8387142462343594,-2.4570780193154904e-13,-0.015117571828434017,-0.005488545165169807,-0.024746598442526954,1.7935760430548103e-11,0.015117571824545858,2.4141218167532662e-12,0.027042821130671843,0.04531272778573405,0.020849173675165568,-0.1472750696553398,0.1173407904229821,-0.0006093695170602053
1709.93,0.8406031201770989,-1.2648128799292415,-0.19398087970629876,-1.5699999999959642,-0.8406031201772878,-2.2942921558469667e-13,0.0679935951065254,0.0246855727690988,0.11130161750785726,2.02626758145745e-11,-0.06799359511166475,2.3494007100562965e-12,-0.006134259549541471,-0.010181439567723927,-0.004638246564372173,0.03304560931070058,-0.026525377113332717,0.0001287353507291003
1709.98,0.8455597011166652,-1.2630133569125341,-0.18586724084282324,-1.5699999999955911,-0.8455597011169429,-1.8367358405889062e-13,0.11701912874610917,0.042484651859938584,0.19155360569739405,1.9324840176433017e-11,-0.11701912875137264,1.979247156252105e-12,-0.02559285171981281,-0.04309489092544284,-0.019930013789371346,0.14016771167954925,-0.11124959269835148,0.0005984460111216886
1710.03,0.8523354560644706,-1.260553369446813,-0.17477571841117664,-1.5699999999950687,-0.8523354560648938,-1.3467860562862652e-13,0.14583161784976084,0.05294523707304807,0.23871799868621058,1.6939158463489395e-11,-0.1458316178545279,1.5069313933626857e-12,-0.03628016286148252,-0.06288632102831872,-0.02994090808700559,0.20541790918673766,-0.15942152489197972,0.0010399425742920931
1710.08,0.860173121229425,-1.2577078476984096,-0.16194590982770243,-1.5699999999945222,-0.8601731212300076,-9.292960731365554e-14,0.16284510454066933,0.05912210803443217,0.26656810110030676,1.4574221820704003e-11,-0.16284510454480575,1.0885007901539206e-12,-0.041497140802193015,-0.07473306511063174,-0.03689171849727859,0.24551625206683345,-0.18506909816832018,0.001517661783033425
1710.13,0.8686378337585072,-1.2546346718114658,-0.14808966065450216,-1.5699999999939962,-0.8686378337592436,-6.073681778250125e-14,0.17289139829683997,0.06276948856774589,0.2830133080737198,1.2595384235375082e-11,-0.1728913983003974,7.589926408722858e-13,-0.04354111117411166,-0.08198407660089652,-0.042090890669666065,0.27115959430776604,-0.19771735837710194,0.0020528305949023906
1710.18,0.8774728114856375,-1.2514270684322808,-0.13362730857751326,-1.569999999993504,-0.8774728114865145,-3.7312984813743194e-14,0.1788236342969492,0.06492323029844654,0.292724038338817,1.1075941108284332e-11,-0.17882363430003445,5.159271989664538e-13,-0.04372236938985593,-0.08647584294761405,-0.04621618867242534,0.28817432391652775,-0.2027260757618308,0.0026491218788044363
1710.23,0.8865264271095628,-1.2481400869632173,-0.11880705879688881,-1.5699999999930456,-0.8865264271105688,-2.09005493026174e-14,0.18232656033266467,0.06619499325274641,0.2984581274526762,9.963272096452994e-12,-0.1823265603353834,3.4420467236000174e-13,-0.042816496041978375,-0.08929507403288589,-0.049668489166959304,0.30000373646497147,-0.2032619897694118,0.003306401224226962
1710.28,0.8957091462251681,-1.2448062335258725,-0.10377547400125846,-1.569999999992615,-0.8957091462262914,-9.698401532024673e-15,0.18439500312750015,0.06694595655944278,0.30184404973328,9.159651471546751e-12,-0.1843950031299464,2.2639954689630815e-13,-0.04127656885561028,-0.09108731336678401,-0.05269214340968405,0.30869636787199856,-0.20118084381314544,0.004024092833335583
1710.33,0.9049680996615747,-1.2414447026599846,-0.08861909799262653,-1.5699999999922063,-0.9049680996628067,-2.1953865041717306e-15,0.18561639791343976,0.06738939288228024,0.30384340298058465,8.584792490599902e-12,-0.18561639791566653,1.473619674636356e-13,-0.039365304201831874,-0.09223671377082972,-0.0554383402906249,0.3154753610649425,-0.1975648300191478,0.004801979349971001
1710.38,0.9142720687020722,-1.2380668285493222,-0.07338903402063651,-1.5699999999918146,-0.9142720687034052,2.762086458785141e-15,0.18633761932059145,0.06765123759644096,0.3050240010794429,8.172229115210178e-12,-0.18633761932265022,9.517739244305212e-14,-0.037234518229258814,-0.09297199629630976,-0.058001145550898796,0.3210722938156231,-0.1930432778641299,0.005640197799460196
1710.43,0.9236026190066304,-1.2346793039160573,-0.058115458043169727,-1.5699999999914365,-0.9236026190080574,6.0065179563358444e-15,0.18676349334929251,0.0678058542816048,0.30572113245069826,7.87535810761568e-12,-0.1867634933512206,6.117505048537641e-14,-0.0349719668879771,-0.09342931460435248,-0.06043907350163637,0.3259249741960072,-0.18798170038269804,0.006539060573314075
1710.48,0.9329488652818019,-1.231286080745706,-0.042816188661595866,-1.5699999999910685,-0.9329488652833187,8.11746278456153e-15,0.18701496770450332,0.06789715388792206,0.30613278155395784,7.647250345986512e-12,-0.18701496770632034,3.9182497307485575e-14,-0.03262862097847983,-0.0936896774111326,-0.06278837787421603,0.3302953407824371,-0.1825924223181141,0.007498899051300404
1710.53,0.9422875158885213,-1.2278956152384433,-0.027529352953890543,-1.5699999999907142,-0.9422875158901214,9.127914625033765e-15,0.18735083837585997,0.06801909419475817,0.3066825825881447,7.222054090828475e-12,-0.18735083837753944,7.958342101641036e-15,-0.030176296223244605,-0.0936134013427977,-0.0649388130878461,0.333666603390257,-0.17665028546633177,0.008501890978598953
1710.58,0.9516554092932583,-1.2244945329191663,-0.012194648462171597,-1.569999999990359,-0.9516554092949385,1.023032288302997e-14,0.18736178906924256,0.06802306992423514,0.30670050824566863,7.337022265782589e-12,-0.1873617890708745,1.8170089998575945e-14,-0.027834034300959546,-0.09386975822383004,-0.06735328072240107,0.33842385860983715,-0.17142348156450593,0.00960850381714898
1710.63,0.9610068423135142,-1.2210994266630646,0.003113111323703621,-1.5699999999900172,-0.96100684231527,1.0575498566855646e-14,0.18755563292352315,0.0680934463548256,0.307017819521895,6.936580243576199e-12,-0.18755563292503508,-4.6596027817452645e-15,-0.025324805923538102,-0.0935392887548586,-0.06937755459400193,0.34126272780843064,-0.16521959078396503,0.010727689954683916
1710.68,0.9703822836056196,-1.2176956040280165,0.018460171274319082,-1.5699999999896739,-0.9703822836074484,1.1201648848653165e-14,0.18748271820170892,0.06806697413100334,0.30689846230219303,7.069630715257971e-12,-0.1874827182031609,9.088216290642492e-15,-0.022925858432474612,-0.09358033850704846,-0.0717073549074984,0.3456542953625212,-0.15976994790592247,0.01196188700182548
1710.73,0.9797550375600305,-1.2142927570506183,0.03380283220714528,-1.569999999989339,-0.9797550375619267,1.1569904838591339e-14,0.18743966278760443,0.06805134254724099,0.30682798305681486,6.928317511714632e-12,-0.1874396627889848,5.4740554537163755e-15,-0.020439153865511588,-0.09324636173509913,-0.07378649597793713,0.34887115953930026,-0.15376226181599295,0.013224510815607556
1710.78,0.9891262046684051,-1.2108904861893117,0.049142895563943204,-1.5699999999890102,-0.9891262046703647,1.1793920983851877e-14,0.18741423899613557,0.06804211225322025,0.3067863657669066,6.787199816928047e-12,-0.18741423899743878,3.4306867242872574e-15,-0.01795348975961309,-0.09284681024903992,-0.07584095981613373,0.3520360876184415,-0.14775130643327067,0.014549107799316514
1710.83,0.9984964347600627,-1.207488555518802,0.06448142507805685,-1.5699999999886884,-0.9984964347620828,1.1936987044152528e-14,0.18739922650150612,0.06803666185677722,0.3067617911730559,6.654861801598869e-12,-0.1873992265027378,2.2830045146027267e-15,-0.015469159607445961,-0.09237690388966122,-0.07786686589050772,0.35513115195084444,-0.1417289151547237,0.015934946951724066
1710.88,1.0078661115527192,-1.2040868257275619,0.07981904887338737,-1.5699999999883736,-1.007866111554796,1.2032782648674331e-14,0.18739036177356366,0.06803344345204898,0.30674728012077646,6.519679327660066e-12,-0.1873903617747162,1.5775683710750332e-15,-0.012987362012283836,-0.0918339890357179,-0.07986154973189254,0.3581454316834631,-0.1356914154983939,0.017381356945921207
1710.93,1.0172354616278494,-1.2006852145535283,0.09515613785081599,-1.5699999999880647,-1.0172354616299801,1.2102120657316347e-14,0.18738512724035516,0.06803154301610478,0.30673871148913856,6.376499182185816e-12,-0.18738512724142994,1.244067782818492e-15,-0.01050979248652285,-0.0912167001339789,-0.08182310346857571,0.3610722203967635,-0.12963771835161778,0.01888770331115005
1710.98,1.0266046187795468,-1.1972836734217756,0.11049291102360331,-1.5699999999877632,-1.0266046187817275,1.2153964603119394e-14,0.18738203630084704,0.0680304208275449,0.30673365179744766,6.2363820433741085e-12,-0.18738203630184763,1.0121298330695305e-15,-0.008038414104457697,-0.09052446209282157,-0.08375009201028695,0.3639073551417702,-0.12356821890254065,0.020453371348697815
1711.03,1.035973662011888,-1.1938821736492962,0.12582949771688864,-1.5699999999874683,-1.0359736620141138,1.2194453509834612e-14,0.18738021113198527,0.06802975818629155,0.306730664099691,6.081747789838526e-12,-0.18738021113289519,7.453889935837843e-16,-0.005575328691744893,-0.08975719507751947,-0.08564137821868618,0.3666482170599109,-0.11748416474110289,0.0220777537541276
1711.08,1.045342637975985,-1.1904806982990603,0.14116597429587288,-1.5699999999871808,-1.045342637978255,1.2227010827136803e-14,0.18737913338802106,0.06802936690311338,0.3067288998936208,5.927679435626873e-12,-0.18737913338884654,6.20841269019512e-16,-0.0031227043632443088,-0.08891513935700295,-0.08749601548287708,0.36929313390988533,-0.11138729259649326,0.023760241874068756
1711.13,1.0547115742188622,-1.187079237369922,0.15650238585344314,-1.5699999999869012,-1.054711574221168,1.2253196234061186e-14,0.18737849699097392,0.06802913585417496,0.3067278581471483,5.77484522874816e-12,-0.18737849699173878,5.342948306008566e-16,-0.0006827345445628716,-0.08799875129865092,-0.08931318188320085,0.371841023041182,-0.10527961942873516,0.02550021966511115
1711.18,1.0640681931637714,-1.183682248326051,0.17181863470027361,-1.569999999986632,-1.0640681931661131,1.2150362639556913e-14,0.1875147194602106,0.06807859241914345,0.3069508465194372,5.6422915656068745e-12,-0.1875147194609061,2.0298975174359857e-15,0.0017380877516658664,-0.08688253949671451,-0.09095805182832763,0.37374372306268444,-0.09902320555172206,0.027255955946547426
1711.23,1.0734269489694377,-1.1802844834792456,0.18713838146562248,-1.5699999999863703,-1.0734269489718111,1.208198196788067e-14,0.1876271990321729,0.06811942895132621,0.3071349691298427,5.50431675607789e-12,-0.18762719903277203,3.0814380994753643e-15,0.004140547005529896,-0.08584441926613709,-0.09271700610720351,0.3761853343220675,-0.09294135214544696,0.02911120501301746
1711.28,1.0828050278948862,-1.1768797032322744,0.20248975907032307,-1.5699999999861107,-1.0828050278972887,1.2224793674351659e-14,0.18752497727320142,0.06808231659260548,0.306967637969107,5.301655883510788e-12,-0.18752497727373532,1.290539398436652e-15,0.0065414476090712255,-0.08490515253918923,-0.09463221210944397,0.3793048290160228,-0.08702165751053129,0.03108846781203049
1711.33,1.0921793393454091,-1.1734762907946885,0.21783496953448397,-1.569999999985861,-1.0921793393478352,1.2287416053422137e-14,0.187464616346742,0.06806040211577583,0.30686883059157744,5.1136104492520776e-12,-0.18746461634719278,3.7082424804435465e-16,0.008909702564266818,-0.08365906364133095,-0.09625304666657769,0.38129403385871924,-0.08084522441253969,0.033041002935288
1711.38,1.1015514261396662,-1.1700736860348733,0.23317653836380725,-1.5699999999856205,-1.1015514261421102,1.2309557603083578e-14,0.1874289738232533,0.06804746183623421,0.30681048582279363,4.932945382469384e-12,-0.1874289738236644,8.866063265500213e-17,0.011253585355117807,-0.08235913360859173,-0.09784894480022217,0.38325172781796557,-0.07469074026146921,0.03505175978920582
1711.43,1.1109221992966398,-1.1666715582007092,0.24851595684415487,-1.5699999999853889,-1.1109221992990994,1.2311130590700477e-14,0.18740792726955313,0.06803982073043638,0.3067760338198541,4.753627436886003e-12,-0.18740792726991456,-2.896446103795025e-16,0.013571666726143313,-0.08099957744020875,-0.09941312071918888,0.3851507126233873,-0.06855118467761058,0.03711856290868412
1711.48,1.1202921967639343,-1.1632697119863804,0.26385410556491606,-1.5699999999851655,-1.1202921967664117,1.2302111505850862e-14,0.18739549949010048,0.06803530873375693,0.3067556902562257,4.573865212357392e-12,-0.18739549949033368,-2.8835712029967597e-16,0.015862176919649855,-0.07957750335281587,-0.10094128782559629,0.38697489043707267,-0.06242364584391444,0.03923974719456767
1711.53,1.1296617361942316,-1.1598680320657533,0.2791915045053195,-1.5699999999849508,-1.12966173619672,1.2286737247994474e-14,0.18738816101058728,0.0680326444447344,0.30674367758493404,4.393287762662762e-12,-0.18738816101074746,-4.828358849892633e-16,0.0181232066662505,-0.07809173942838307,-0.10243068023914272,0.38871479558234273,-0.05630752248740273,0.041413969356417425
1711.58,1.1390310051582617,-1.1564664503398985,0.2945284607079003,-1.569999999984745,-1.1390310051607546,1.2265921758905142e-14,0.18738382771182063,0.06803107120861249,0.3067365842222732,4.219013430718094e-12,-0.18738382771194087,-5.069322782727537e-16,0.020352807799488195,-0.0765421441491928,-0.10387946000330561,0.39036493305270936,-0.050203506776345004,0.043640085858445456
1711.63,1.148400114414667,-1.1530649265970818,0.3098651554782061,-1.5699999999845475,-1.148400114417162,1.2240496133758188e-14,0.18738126894224622,0.06803014222830765,0.30673239566217547,4.037263429926448e-12,-0.1873812689422942,-6.284848943355348e-16,0.022549042311916914,-0.07492920134629819,-0.1052863583824426,0.39192219374432263,-0.044113009804151795,0.0459170743353356
1711.68,1.1577522653831758,-1.1496695596849154,0.3251740905032999,-1.5699999999843637,-1.157752265385671,1.21317500595467e-14,0.18756713559369298,0.06809762247707106,0.3070366487144315,3.6066991813922186e-12,-0.18756713559370386,-3.892326456804429e-15,0.02465845383931431,-0.07310898943638998,-0.10643582819918194,0.39259674806114486,-0.03796782875289465,0.04814518206604976
1711.73,1.1671281306165455,-1.1462655831351958,0.340521844420528,-1.5699999999841807,-1.1671281306190366,1.214789017071268e-14,0.18748951041340906,0.06806944008677702,0.3069095807438018,3.706224102574193e-12,-0.18748951041332285,-2.941304968681613e-16,0.026852460518857476,-0.07157838631141793,-0.10805742565295487,0.39507349860373625,-0.032015822755799464,0.05065752397709497
1711.78,1.1765011349040329,-1.142862645272847,0.3558649151333041,-1.5699999999840077,-1.1765011349065173,1.213123239366692e-14,0.18744367352068328,0.06805279866688975,0.3068345483771188,3.514214682871341e-12,-0.1874436735205394,-6.547361394368401e-16,0.028930766038198996,-0.06975558472729365,-0.10929928405196858,0.39621449184965807,-0.025959855156828075,0.05306727468812482
1711.83,1.1858724498315838,-1.1394603207450096,0.37120522046066823,-1.5699999999838439,-1.1858724498340594,1.2097472885890829e-14,0.18741660729390983,0.06804297207478788,0.3067902425146034,3.3289430578981906e-12,-0.18741660729369986,-8.207817021529951e-16,0.03097061949048782,-0.0678850493151746,-0.11051056933524542,0.39731328435502256,-0.019933956092247462,0.05552964880922636
1711.89,1.1970998864308073,-1.1353841176484922,0.3895838905626402,-1.5699999999836636,-1.197099886433268,1.2015751987396418e-14,0.18758569797551963,0.06810436168484943,0.3070670342658622,2.8670767271269694e-12,-0.1875856979752496,-1.6966408746682538e-15,0.03310910387830836,-0.06566007578643118,-0.11161241742827561,0.39778234967111303,-0.013320695531942438,0.058192408462898394
1711.94,1.2064764357974649,-1.1319798927192137,0.4049327643666772,-1.5699999999835161,-1.20647643579991,1.19847184891426e-14,0.1875004713142623,0.06807341952125956,0.30692752310675586,2.968161855892732e-12,-0.18750047131388853,-9.662138710647694e-16,0.03533712392449867,-0.06364465708381799,-0.11313246287771048,0.39981569276587325,-0.006791846385820213,0.06116470242386257
1711.99,1.21580262490882,-1.1285939514495231,0.4201992013196192,-1.5699999999833913,-1.2158026249112486,1.1923410867836585e-14,0.1879748030451784,0.06824562913025455,0.3077039769583062,2.6274560564092716e-12,-0.18797480304478215,1.2725822999548608e-17,0.03701553682200634,-0.06124659004826635,-0.1135370886423648,0.3982980713133856,-0.0008608727828200434,0.06339741277079823
1712.04,1.225193515093014,-1.125184519981406,0.43557155021982275,-1.5699999999832548,-1.2251935150954185,1.1884584110814417e-14,0.18773023396685382,0.06815683653494134,0.30730363139666106,2.6693111052956704e-12,-0.18773023396635713,-9.439199638930362e-16,0.03915889432738693,-0.05963126161313209,-0.11545575827582931,0.4021521721345842,0.0050427075428288335,0.06654948627742763
1712.09,1.2345753914637139,-1.1217783610443155,0.4509291440240112,-1.5699999999831302,-1.234575391466094,1.1822392132901358e-14,0.1875858183717691,0.0681044053951371,0.30706723134541314,2.4574638656481296e-12,-0.18758581837121122,-1.2693974560731847e-15,0.040929984911309315,-0.0574248387697252,-0.1163317633346731,0.4024146961416343,0.010927645639738371,0.06919041064299854
1712.14,1.243951945267682,-1.118374134504072,0.4662780250915439,-1.5699999999830163,-1.2439519452700336,1.1750240511201526e-14,0.18750054240703465,0.06807344533135419,0.30692763947895085,2.2737897956354777e-12,-0.18750054240640887,-1.5052114285887819e-15,0.042663692817456966,-0.05520021910832131,-0.11720958178428323,0.4027594762320947,0.01676718646149383,0.07189635544297564
1712.19,1.253325356149221,-1.1149710490248441,0.48162176137519963,-1.5699999999829115,-1.2533253561515416,1.167335093956046e-14,0.187450187802615,0.0680551637232483,0.30684521187753244,2.1011445147244186e-12,-0.18745018780194786,-1.5581475996603866e-15,0.04435380952052574,-0.0529462749335223,-0.11806963766886805,0.40311657098355197,0.022565049228153285,0.0746573847286219
1712.24,1.2626969111664956,-1.1115686373307379,0.4969624597154149,-1.569999999982814,-1.2626969111687825,1.1594199274954183e-14,0.18742045391226236,0.06804436861642871,0.3067965392029916,1.9346270809647765e-12,-0.18742045391153267,-1.6030335696012865e-15,0.045995936643321224,-0.05065739846132178,-0.11890018267771185,0.40344497632859316,0.02832196358023146,0.07746696353137428
1712.29,1.2720673703144794,-1.10816662350001,0.5123013641803997,-1.5699999999827248,-1.272067370316732,1.1511793662130269e-14,0.18740289634734658,0.06803799421376129,0.306767798475233,1.7804446667787536e-12,-0.1874028963465423,-1.7008015005051669e-15,0.0475868633954468,-0.04833117819400389,-0.11969415907414854,0.4037208576764284,0.034037175429766704,0.08032066333817549
1712.34,1.281423522537074,-1.1047698039033498,0.5276168490286339,-1.5699999999826482,-1.281423522539287,1.1480910556270307e-14,0.18754430462010593,0.0680893335229194,0.30699927571117747,1.6688545983434516e-12,-0.18754430461924582,-2.272067625187779e-15,0.04904337134315448,-0.045894527225663444,-0.12025162756060416,0.403276124795323,0.03964032413604501,0.08307822756647251
1712.39,1.2907862524713818,-1.1013705962202736,0.5429431012138615,-1.5699999999825742,-1.2907862524735527,1.141536751273e-14,0.18761262720713964,0.06811413853852095,0.30711111586922374,1.525339244662523e-12,-0.1876126272062394,-2.4611795891235633e-15,0.05056277245090481,-0.043535811444655285,-0.1210594590918538,0.40374526575020303,0.04528902232912899,0.08607432245619241
1712.44,1.3001637943391073,-1.0979660109562763,0.5582935996849886,-1.5699999999825052,-1.3001637943412334,1.127852976022941e-14,0.18751637275621835,0.06807919265495822,0.30695355285043296,1.3451732166580663e-12,-0.1875163727552819,-2.205267218835516e-15,0.05207930747076446,-0.04117318713377919,-0.12194120947363929,0.40452429146776675,0.05095632777017969,0.08920125541944568
1712.49,1.3095377886624127,-1.0945627136542706,0.5736382910292475,-1.569999999982445,-1.309537788664492,1.1159593893214981e-14,0.1874595354655174,0.06805855746015242,0.3068605134633515,1.1788202978726047e-12,-0.18745953546451807,-2.118381967237959e-15,0.05342641364957464,-0.038680736993325845,-0.12251186212198824,0.40433943446684356,0.056474975093977094,0.0921747215324108
1712.55,1.3188909504382824,-1.0911669797611927,0.5889488806875965,-1.5699999999823668,-1.3188909504403108,1.0381850273925156e-14,0.18555219782030205,0.06736608455702493,0.30373831107562954,1.0173754708424267e-12,-0.18555219781925,-4.249272917040969e-15,0.05475417545730723,-0.03585317422887003,-0.12290203571776535,0.40344634883622477,0.06238330719341821,0.09533335183390747
1712.6,1.3301444257453758,-1.0870813231211687,0.607370174661236,-1.5699999999823406,-1.3301444257473487,1.0976416716446113e-14,0.18751394262939514,0.06807831037937777,0.30694957487109636,8.834172881611903e-13,-0.1875139426282681,-2.7609750423429613e-15,0.05624521147570402,-0.033140639084111745,-0.12376224722923922,0.4041800739860818,0.06849525257673843,0.09894710198718344
1712.65,1.3395031529202441,-1.083683568669246,0.6226898745586358,-1.5699999999823073,-1.3395031529221624,1.0957612503701904e-14,0.18762674032131646,0.06811926240763336,0.3071342182264978,7.709687550102196e-13,-0.18762674032016774,-3.650779765301815e-15,0.05729170305927652,-0.03049959708353762,-0.12395819332795745,0.40301197506011305,0.07370042606171334,0.10183420651830012
1712.7,1.3488812149394918,-1.0802787945604446,0.6380412244879181,-1.5699999999822727,-1.3488812149413543,1.076221739844118e-14,0.18752470640901656,0.06808221824831522,0.30696719456086735,5.984528871809738e-13,-0.18752470640783162,-2.9213692012350356e-15,0.05853418531134463,-0.027969026313725456,-0.12466633766560667,0.40358371478333793,0.07918242301285507,0.10521108783165027
1712.75,1.3582555164070713,-1.0768753857474749,0.6533864186096798,-1.5699999999822492,-1.3582555164088772,1.0607744731686882e-14,0.1874644564041617,0.0680603440426651,0.3068685687564879,4.5125858480704953e-13,-0.1874644564029269,-2.545394992871375e-15,0.05955622035571294,-0.02532997170101886,-0.12498747776484452,0.40297321154296184,0.08440438475205332,0.10833779241568073
1712.8,1.3676275973064993,-1.073472783128042,0.668727977788656,-1.569999999982231,-1.367627597308243,1.0472121461802333e-14,0.1874288793787663,0.06804742754296078,0.3068103312052007,2.936389433200789e-13,-0.18742887937750613,-2.475328427474499e-15,0.06052400068387318,-0.02267566595589751,-0.1252840388401373,0.4023611786739027,0.08957649330419262,0.11150871089655032
1712.85,1.376998366982633,-1.0700706565578306,0.6840673905702641,-1.5699999999822196,-1.3769983669843182,1.034497525699632e-14,0.18740787150106147,0.06803980047903921,0.30677594251349,1.6144756972286123e-13,-0.18740787149976137,-2.4446861635746275e-15,0.061433137160356394,-0.020004916951438675,-0.1255470492256126,0.4017188798154727,0.09469380205772025,0.11471631471530605
1712.9,1.3863683623945315,-1.0666688110899247,0.6994055359256878,-1.569999999982217,-1.3863683623961518,1.021989255997509e-14,0.1873954665593419,0.06803529677405024,0.306755636334876,3.322741523115527e-14,-0.18739546655800843,-2.470788330877216e-15,0.06228079956185286,-0.017317997169748193,-0.1257712477495486,0.40103000560504354,0.09975255027408411,0.11795555742369444
1712.95,1.3957242407855999,-1.063272090909839,0.7147205725272653,-1.5699999999822212,-1.3957242407871586,1.0242707629578604e-14,0.18753991740458179,0.068087740711495,0.3069920940878424,-6.205931900099201e-14,-0.18753991740319392,-4.1427093960128e-15,0.06296237276222702,-0.0145945177923767,-0.12574942926674051,0.39963780823445444,0.10457609053263668,0.1210239103218115
1713.0,1.405099102868112,-1.0598684785615202,0.730066684343497,-1.5699999999822287,-1.4050991028696038,1.002896837921304e-14,0.18747343834492142,0.06806360500189614,0.3068832716779263,-2.090309533537421e-13,-0.18747343834350316,-3.3273080471407646e-15,0.06382631637851831,-0.011911888605689877,-0.1261758279618501,0.3997471399943094,0.1097496286971841,0.12459408539856522
1713.05,1.4144715148050486,-1.0564657557565016,0.7454087854118696,-1.5699999999822407,-1.4144715148064715,9.856788874943407e-15,0.1874341831249744,0.06804935310672885,0.30681901313306986,-3.645407814587692e-13,-0.18743418312354157,-2.950398714403335e-15,0.064464014162696,-0.009178935780220242,-0.1262359441279397,0.3987712295872873,0.11459191716212758,0.12787959906157187
1713.11,1.4217161921376522,-1.053835522583829,0.7573359688267698,-1.5699999999802594,-1.4217161921384522,-9.329325334273958e-14,0.010132686712837857,0.0036787461204446487,0.015830383718955322,-1.6123261457697574e-11,-0.0101326867158243,7.127718072517315e-13,0.052147286647871494,-0.005217105213682283,-0.1016410489233639,0.32023738049776473,0.09546393604239274,0.1051633157040824
1713.16,1.4173795239309814,-1.0554099817413332,0.7502092195352212,-1.5699999999795389,-1.4173795239315428,-1.321797476882683e-13,-0.14076245439199617,-0.05110484014503958,-0.23086662294168322,-2.700589877524767e-11,0.14076245438513282,1.3559543841478588e-12,-0.01967766001729212,0.001689636533936349,0.03829393909808245,-0.12054967887713891,-0.036375515919332996,-0.03990918454296177
1713.21,1.4074814794931998,-1.0590035392761643,0.7339902300352515,-1.5699999999797407,-1.4074814794938233,-1.1834811333694448e-13,-0.22986452626210807,-0.08345399999396692,-0.37653873839296526,-2.597155763427129e-11,0.22986452625458187,1.3788099758075753e-12,-0.062340566817332764,0.007033202942426666,0.12146078999931198,-0.3829726220732496,-0.11321145938640757,-0.1250772608220738
1713.26,1.3943230089951377,-1.06378081837437,0.7124408497585457,-1.5699999999802217,-1.39432300899594,-8.728824785550283e-14,-0.2827396419067961,-0.10265069802691475,-0.4629842896561037,-2.125142001664724e-11,0.2827396418998255,1.165119080858909e-12,-0.08645300661040115,0.014115270838890928,0.17011180953281063,-0.5381104438844143,-0.15127687074719323,-0.17018631956111402
1713.31,1.3791922675319672,-1.0692741448929994,0.6876669547452801,-1.569999999980727,-1.3791922675329846,-5.464960874964106e-14,-0.3137006357168933,-0.11389131361036683,-0.5136018994006993,-1.5972481448361595e-11,0.3137006357108573,8.913976598957235e-13,-0.09982287503328222,0.022863740234920472,0.1992876175474792,-0.633233232642823,-0.1661523341218576,-0.19205029525380532
1713.36,1.362920430777018,-1.0751817544155775,0.6610275021688824,-1.5699999999811531,-1.3629204307782468,-2.7141709389601958e-14,-0.33198279295163674,-0.12052878470533647,-0.5434910917765694,-1.153460909685683e-11,0.33198279294651445,6.448263147398881e-13,-0.10608003435238089,0.03245679734957106,0.21574405826328052,-0.6893335407676584,-0.16616052178058408,-0.19921763498882764
1713.41,1.346000911985894,-1.0813245096454807,0.6333292188887977,-1.5699999999814775,-1.3460009119873162,-6.307469077906976e-15,-0.3430684831177599,-0.1245535257188707,-0.561615498555738,-8.304977758559658e-12,0.343068483113392,4.534902726775758e-13,-0.10793879712063781,0.04230576370805414,0.22449797106443278,-0.7219642807459153,-0.15745232774287482,-0.19796840469643215
1713.46,1.3286757226979795,-1.0876145465206588,0.6049676956605844,-1.569999999981728,-1.3286757226995751,8.903052674812054e-15,-0.34964672331950786,-0.1269418040071309,-0.5723705725779766,-6.078042664439329e-12,0.34964672331576424,3.1213540866575906e-13,-0.10738030518580684,0.05224193744666072,0.22929055222455677,-0.7428075420001748,-0.14414612662474485,-0.19263737196013403
1713.51,1.311102571523337,-1.093994607775056,0.5762007568857592,-1.569999999981929,-1.3111025715250886,1.974163623194783e-14,-0.35346983144649247,-0.1283298114152392,-0.5786210294158796,-4.617599231042553e-12,0.35346983144325567,2.1104759649961946e-13,-0.10510875717071722,0.06204863132489894,0.23137974788641497,-0.7557200726509458,-0.12788907034459684,-0.18485932691842633
1713.56,1.2933650052674823,-1.1004343611289786,0.5471649657552106,-1.5699999999821006,-1.2933650052693713,2.7389264476601562e-14,-0.3554661053377818,-0.12905457327314693,-0.581884237857251,-3.7213083736188906e-12,0.35546610533493433,1.3979654022930332e-13,-0.10171316899826735,0.07168856090823486,0.23187042630316673,-0.7641477860180357,-0.10985919508254736,-0.17588219838905852
1713.62,1.272017966972255,-1.108184559745549,0.5122208094383652,-1.569999999982273,-1.2720179669742906,3.320109292565536e-14,-0.35717320302724176,-0.12967434759277213,-0.5846755662068068,-2.8167550863009074e-12,0.3571732030248856,7.942680801259483e-14,-0.09657449320517915,0.08165267943437625,0.23011357523196813,-0.7665893700259596,-0.08830593214697088,-0.1645731524043535
1713.67,1.2541729355378204,-1.1146633291196917,0.48300938666265325,-1.5699999999824183,-1.254172935539964,3.646904025333124e-14,-0.35797541937881233,-0.12996559811567673,-0.585987311926549,-3.416451159926918e-12,0.35797541937662747,6.162160625516888e-14,-0.09093989062505194,0.09143654816960597,0.22801400443554926,-0.7685408427780654,-0.0661492457126509,-0.1535323391891206
1713.72,1.2363244610204178,-1.1211433485303237,0.4537923806995771,-1.5699999999825671,-1.2363244610226565,3.870421144859728e-14,-0.3587393792529131,-0.1302429593440033,-0.5872370222309926,-3.709900835428999e-12,0.3587393792509467,4.5077982145647066e-14,-0.0851076327013214,0.09981108865745077,0.22507343215928885,-0.7674091772490119,-0.04538801324948787,-0.143231931652407
1713.77,1.2183926808375616,-1.127653612673024,0.42443903939933475,-1.5699999999827505,-1.2183926808398873,4.047883356452158e-14,-0.35857772062193716,-0.13018426799403016,-0.5869718954567708,-3.919870179315554e-12,0.3585777206202521,3.0478115690957264e-14,-0.07927871728995334,0.10843958856782225,0.22290279413525416,-0.769461399476212,-0.024407909100884716,-0.1338338226178037
1713.82,1.2005249105571782,-1.1341406375517653,0.3951904970998262,-1.5699999999829322,-1.2005249105595774,4.1668521669496003e-14,-0.3591272831295777,-0.13038379068832323,-0.5878712020252064,-4.485540736585969e-12,0.3591272831281064,2.366162821232365e-14,-0.0723612820324496,0.1157592981715592,0.21836948810447165,-0.7638530304923236,-0.0029182534058960147,-0.12348380004244172
1713.87,1.182578833827833,-1.140656092160423,0.36581378253245345,-1.5699999999831598,-1.1825788338302963,4.259466218143319e-14,-0.3588067739820812,-0.13026742749498219,-0.5873463722853096,-4.8668448015144056e-12,0.35880677398084343,1.6726637436237368e-14,-0.06573862209274456,0.12375466880234984,0.21544268528473298,-0.7643533995024206,0.018795321232554042,-0.11451394204785866
1713.93,1.1610586674846364,-1.1484691461830354,0.3305864932494851,-1.5699999999834595,-1.1610586674871621,4.3371143762289184e-14,-0.3585902266941672,-0.13018880841652639,-0.5869917787980198,-5.478864459557489e-12,0.3585902266932219,1.1803329581089317e-14,-0.05763494178157819,0.1313927545692493,0.21050583099044348,-0.7594385126389809,0.0429235994781242,-0.10422223687900439
1713.98,1.1431585077762305,-1.1549679302809506,0.30128495299826186,-1.5699999999837302,-1.143158507778795,4.393367978265873e-14,-0.3587799066682065,-0.1302576731212217,-0.5873022192409594,-6.1348902303734465e-12,0.35877990666752324,8.910136083811748e-15,-0.04914841317041592,0.13835539268732416,0.20495075027033394,-0.7527721764323252,0.06710811477678603,-0.09428381518611664
1714.03,1.1252252339190079,-1.1614787367131933,0.2719292088033844,-1.5699999999840404,-1.1252252339216013,4.4262650899499273e-14,-0.35860165165540403,-0.13019295633383857,-0.5870103936450597,-6.707402482823005e-12,0.35860165165498936,6.9590058542068345e-15,-0.04134225526579257,0.1447739396409693,0.20037800812798173,-0.7489564995654461,0.08948154817746459,-0.08595351796177259
1714.08,1.1072985298107125,-1.1679871579500019,0.24258422010344943,-1.569999999984378,-1.1072985298133193,4.4518276606732925e-14,-0.35849639385290444,-0.13015474171848262,-0.5868380735504167,-7.321964811801002e-12,0.3584963938527245,5.3239747679900695e-15,-0.03317314987720496,0.15040548965033063,0.19499656421591877,-0.7426021484098345,0.11178593606341036,-0.07774156647010866
1714.13,1.0893757050734616,-1.1744941707527794,0.21324558241565048,-1.5699999999847447,-1.0893757050760688,4.470877244632164e-14,-0.35843424017309566,-0.13013217637070804,-0.5867363202592785,-7.959656154674088e-12,0.3584342401731663,3.726782337593049e-15,-0.024801465374820454,0.1555931584167482,0.18935492746292085,-0.7356893582285814,0.13415201914121463,-0.0699113053948835
1714.18,1.0714551710660165,-1.1810003518893675,0.18391069493693238,-1.569999999985142,-1.0714551710686135,4.483611773775157e-14,-0.35839753904670846,-0.13011885175897586,-0.5866762359599893,-8.60628311238204e-12,0.3583975390470307,2.2408290500930406e-15,-0.016247874740571776,0.16031416874608886,0.18344391894484366,-0.7281625552535458,0.15655169682099374,-0.062463025162388976
1714.23,1.0535621130342763,-1.1874965576717622,0.1546207843007954,-1.569999999985563,-1.0535621130368518,4.5148577593917446e-14,-0.358666126539273,-0.13021636441670015,-0.5871158943581203,-9.328576106026887e-12,0.35866612653985286,-1.3456033162717596e-15,-0.007531621244907438,0.16428006274066773,0.17697947083466722,-0.7188301238435508,0.17864647767865355,-0.05531693661196423
1714.28,1.0356330326461078,-1.1940058416345831,0.12527190727695936,-1.5699999999860257,-1.0356330326486498,4.501462685496177e-14,-0.3585344656270679,-0.13016856395924276,-0.5869003706727985,-9.918757980752202e-12,0.35853446562793845,-1.3532469415877824e-15,0.001294737738534236,0.16839150460306923,0.17093163150365023,-0.7116357201609683,0.20143314979780927,-0.04877178776639313
1714.34,1.014124349630658,-1.201814726551377,0.09006342601979997,-1.5699999999866165,-1.0141243496331396,4.485151942592294e-14,-0.358445510869644,-0.1301362682843976,-0.5867547552690953,-1.0638457129119594e-11,0.35844551087086296,-2.328757846281615e-15,0.011147855127146609,0.17185093230469844,0.16346968716931412,-0.7009145534718789,0.2259277162267958,-0.041850712090163174
1714.4,0.992651668880535,-1.2096105405821043,0.05491387847311844,-1.569999999987238,-0.9926516688829378,4.51452941960583e-14,-0.35875658128251203,-0.13024920467723974,-0.5872639588719255,-1.0862327205242439e-11,0.3587565812840333,2.4269431950219023e-14,0.021938850429858717,0.1746372530807342,0.15475846639633217,-0.6872647753678529,0.2520950426338608,-0.03484944681071052
1714.45,0.9747192547013946,-1.216121034902353,0.02555954439818361,-1.5699999999877994,-0.9747192547037161,4.464770763209216e-14,-0.35858787824840255,-0.13018795580676665,-0.586987801293189,-1.1923500706743917e-11,0.3585878782502486,-7.133833454520122e-15,0.0319717954058179,0.1772414243756939,0.14709309038337948,-0.6767130195408487,0.27697065421694833,-0.029119804361350064
1714.5,0.9568165692148054,-1.2226207360030605,-0.003746125497092739,-1.5699999999883774,-0.956816569217032,4.458263902187e-14,-0.35874949402039175,-0.1302466315977912,-0.5872523568217265,-1.2465942124048612e-11,0.35874949402252093,-1.0726012092399095e-14,0.04097450218399059,0.1783230181720564,0.13927525362743343,-0.6636855929935519,0.298309283640346,-0.02421003370083869
1714.55,0.9388844162430896,-1.2291311354901502,-0.03310003196802732,-1.5699999999889862,-0.9388844162452079,4.3968270331400015e-14,-0.3585836932909728,-0.1301864364295375,-0.5869809503996739,-1.288355034635702e-11,0.3585836932933899,-9.297358889714946e-15,0.05009623083865826,0.17951395089000127,0.13174287860820746,-0.6524352127503792,0.3205418681383375,-0.019818244177090997
1714.6,0.9209583740064773,-1.2356393164301467,-0.0624439355110281,-1.569999999989614,-0.9209583740084735,4.343434250323454e-14,-0.35848578961824706,-0.1301508917849933,-0.5868206876221718,-1.3292107540509301e-11,0.3584857896209576,-9.310802996653766e-15,0.059064293913699425,0.17976350276394132,0.12368763649747741,-0.6390678989416471,0.34188255774305065,-0.015808725639991535
1714.65,0.903035940097838,-1.2421461873402864,-0.09178193242513863,-1.5699999999902603,-0.903035940099697,4.291199015956362e-14,-0.3584279784785415,-0.13012990302812963,-0.5867260540550968,-1.3663422823717575e-11,0.358427978481534,-1.0166563771396575e-14,0.06793889297540226,0.17949340562294783,0.11545468661374922,-0.6251717645792803,0.36299398627490687,-0.012245593422270246
1714.7,0.8851156368707822,-1.2486522846909074,-0.12111644153396954,-1.5699999999909229,-0.8851156368724911,4.236422769483679e-14,-0.35839384157865206,-0.13011750937732353,-0.5866701738802467,-1.3997214194996777e-11,0.3583938415819208,-1.1265077412558888e-14,0.07668892971324762,0.1786950494098076,0.1070445411859252,-0.6107140658258878,0.38383468688973893,-0.009130138790991126
1714.75,0.8726837390246643,-1.2531657762687318,-0.1414667456602926,-1.5699999999936607,-0.8726837390256914,-1.5608217378786415e-13,-0.16022688693953413,-0.058171544932226205,-0.2622822289605488,5.779940030281941e-12,0.16022688693994921,1.3405238833037736e-12,0.06793022628651102,0.1427953670748738,0.0798825707348854,-0.48035066581834535,0.32365809838351706,-0.005409938254044461
1714.8,0.8691246656813539,-1.2544579239168483,-0.14729274470390222,-1.5699999999947063,-0.8691246656820466,-2.2193168808965019e-13,-0.020830802541219457,-0.007562775423845506,-0.03409882961635225,1.7704158212895698e-11,0.020830802538432825,2.151480763480689e-12,0.02461094461221687,0.04882295595327379,0.02615408492519336,-0.16277129957875264,0.11426077548543664,-0.001515436709326639
1714.85,0.87071933631865,-1.2538789670613018,-0.14468236028580897,-1.5699999999947514,-0.8707193363192786,-2.078847635532449e-13,0.06130145985011511,0.022255944045950157,0.10034697571557931,2.0401541584179382e-11,-0.06130145985423843,2.1521476888477532e-12,-0.0038850338757164624,-0.00761378641595116,-0.004039625084459108,0.025336144011687465,-0.017942045096460607,0.00022566366356250575
1714.9,0.8753410654054034,-1.2522010144624933,-0.1371168547102123,-1.5699999999943848,-0.875341065406098,-1.6672474459387653e-13,0.10979973946969349,0.03986359970224254,0.17973587929988105,1.9056644486709594e-11,-0.10979973947396096,1.7954136441455937e-12,-0.020515317408829087,-0.04078531368214273,-0.021884855047602833,0.1360188927147226,-0.09533484872529281,0.001276546873990037
1714.95,0.8817502422359823,-1.2498741158673656,-0.1266253996425337,-1.5699999999938774,-0.8817502422367949,-1.225190995764349e-13,0.138437488602338,0.05026074428879828,0.2266142329739841,1.66223908552518e-11,-0.13843748860627636,1.3716530895043627e-12,-0.029537246794169244,-0.06053537495408888,-0.03324312800460442,0.2028323062480942,-0.13911975789921194,0.0021144160841584784
1715.01,0.8907765748740019,-1.2465970396859665,-0.11184981054563578,-1.569999999993248,-0.890776574874972,-7.843397260223799e-14,0.1579658937690527,0.05735067482325971,0.25858111276487844,1.3530499149479874e-11,-0.1579658937723697,9.068060430154901e-13,-0.0340405910086672,-0.07302317008140878,-0.04143743045030728,0.2464017801355495,-0.1637131930605942,0.002962027149211703
1715.06,0.8989609586708172,-1.2436256391986598,-0.09845244343740042,-1.5699999999927454,-0.8989609586719154,-5.0537030331898626e-14,0.16687912105466324,0.0605866872752078,0.2731715548797194,1.1864967423272019e-11,-0.16687912105759134,6.451350684135576e-13,-0.03560941185386043,-0.0806057821180484,-0.04741066461263803,0.27424118384689045,-0.17569892289951397,0.003829533355155135
1715.12,0.9091866837662553,-1.2399131148003455,-0.08171351764266208,-1.5699999999921956,-0.9091866837674928,-2.7596133157360045e-14,0.1730809433612098,0.0628383042885564,0.2833235824735204,9.909068438831645e-12,-0.17308094336365867,3.840957499973152e-13,-0.035164847883056446,-0.08458426950887697,-0.051646559073721,0.29046093640933446,-0.17883392488796568,0.004700216458511644
1715.17,0.9179281463193344,-1.2367394627901636,-0.06740424454494477,-1.5699999999917682,-0.9179281463206778,-1.4413718389294184e-14,0.17580440668836594,0.06382707759743866,0.2877817358167805,9.15453994619446e-12,-0.17580440669058944,2.687644215255275e-13,-0.033935431819375805,-0.08722144329876967,-0.05528651769235986,0.3025231191891127,-0.17864466151815103,0.005638787520152944
1715.22,0.9267699845644516,-1.2335293686497883,-0.052930662193424335,-1.5699999999913692,-0.9267699845658928,-5.549805340647499e-15,0.1774125845484261,0.06441093834822438,0.2904142307837372,8.423080456862117e-12,-0.17741258455043335,1.752525804598476e-13,-0.03224116613539986,-0.08845434167969064,-0.05799303898275044,0.30977914599095874,-0.17585802103392226,0.006518640314017446
1715.27,0.9356710936519618,-1.230297755795963,-0.03836005687063818,-1.5699999999909913,-0.9356710936534931,3.1888360345134003e-16,0.17836219749302185,0.0647557022828069,0.29196869273653286,7.895732597471353e-12,-0.17836219749485682,1.1318886366379344e-13,-0.030301461712240265,-0.08916723449538205,-0.060436418980922016,0.31545863113360373,-0.17197342016708522,0.007442782015388836
1715.32,0.9446072015791972,-1.2270534363570385,-0.02373216045356028,-1.56999999999063,-0.9446072015808112,4.159397339475293e-15,0.17892293444066956,0.06495928193841416,0.29288658697481634,7.519437763420234e-12,-0.1789229344423758,7.263726295794748e-14,-0.028218746133064205,-0.08954346793114948,-0.06270738204124424,0.32016279492515753,-0.1674420367862147,0.008414097435101263
1715.37,0.9535639759713008,-1.223801613806685,-0.009070434218224616,-1.5699999999902814,-0.9535639759729935,6.6524761622874e-15,0.17925404400089362,0.06507949368914043,0.2934285943433573,7.234677348302507e-12,-0.17925404400248415,4.6390463085549394e-14,-0.026052000657700403,-0.08969193908422154,-0.06486168566649424,0.3242508308346404,-0.16252549815733622,0.009434678693622455
1715.42,0.962518395453957,-1.2205506462234785,0.005587437165298958,-1.5699999999899472,-0.9625183954557217,7.990241482898663e-15,0.17961131922164383,0.06520920507470442,0.29401343339842917,7.058648235141671e-12,-0.17961131922315368,3.305857107158139e-14,-0.02379446085587187,-0.08951572260266624,-0.06681097573420733,0.3273428583024935,-0.15709660518732593,0.010486081279247541
1715.47,0.9715005408867101,-1.2172896125310082,0.02029069433973402,-1.5699999999896155,-0.9715005408885444,9.191701312960869e-15,0.17966052833020948,0.06522707080165671,0.2940939858875374,6.857539411537009e-12,-0.17966052833162766,2.0385440297615576e-14,-0.02160831955143211,-0.08960446121609889,-0.06899166346368059,0.33159025923377144,-0.1522007716187159,0.011635906605273492
1715.52,0.9804844999654477,-1.2140279203810955,0.03499692034864599,-1.5699999999892924,-0.9804844999673475,9.93730814986616e-15,0.17968958581672576,0.06523762033465366,0.29414155132656444,6.692070590166507e-12,-0.17968958581805974,1.2690288273345396e-14,-0.019335623295679383,-0.08933605280203392,-0.07093372916021869,0.334708892799918,-0.1467609996495366,0.012808767654246343
1715.57,0.9894695299840034,-1.2107658394186518,0.04970489942461492,-1.569999999988976,-0.989469529985964,1.0404785226879992e-14,0.179706743971933,0.0652438497282747,0.2941696382423674,6.541665890620954e-12,-0.179706743973196,7.891880508467675e-15,-0.017057062091588828,-0.08899062798747293,-0.07284142819753389,0.3377147390436479,-0.14128050273670134,0.014034953663976578
1715.62,0.9984551923818102,-1.207503528866303,0.06441391366913607,-1.5699999999886665,-0.9984551923838295,1.0702526577768444e-14,0.1797168756910076,0.06524752812279741,0.29418622328497,6.402993071733323e-12,-0.179716875692195,5.140690390731395e-15,-0.014775965069459667,-0.08857180551523132,-0.07471622558572612,0.34061895260070923,-0.13576825935309325,0.015314262226380368
1715.67,1.0074412281932437,-1.2042410827434165,0.07912353917032015,-1.5699999999883638,-1.007441228195316,1.089554351266887e-14,0.17972285836979213,0.06524970017785343,0.29419601658644584,6.267468721744482e-12,-0.1797228583709203,3.3333524742523712e-15,-0.012495051752485838,-0.08808187310429802,-0.07655877841560647,0.34342802007324325,-0.1302302733017132,0.016646412826691156
1715.72,1.016427484501689,-1.20097855656749,0.09383352561243499,-1.5699999999880672,-1.0164274845038108,1.1024514158680635e-14,0.17972639108179297,0.06525098275452235,0.29420179943268787,6.132031162139548e-12,-0.17972639108284955,2.2695604076639064e-15,-0.010216696449899386,-0.08752235343848802,-0.07836925407525475,0.3461456582959604,-0.12467084212576882,0.018031065118539344
1715.77,1.025413871011413,-1.197715983121049,0.10854372518654302,-1.5699999999877772,-1.0254138710135836,1.1112385004263087e-14,0.1797284771128859,0.06525174010309351,0.2942052141452011,5.9971094659282825e-12,-0.1797284771138882,1.5409494426993353e-15,-0.007943075606342005,-0.08689433941218037,-0.08014752627542661,0.3487739493405893,-0.11909328633291778,0.019467832236106708
1715.82,1.0343841585700357,-1.1944592545167476,0.12322757170051687,-1.5699999999874985,-1.0343841585722524,1.094406202067352e-14,0.17990944037845608,0.06531744014161596,0.2945014406357832,5.612998808151096e-12,-0.17990944037934697,-9.616764849729176e-15,-0.005667153492450885,-0.0860270321004902,-0.08172778679883413,0.35060890208104706,-0.1132789636414197,0.020912895049839196
1715.88,1.045159376270756,-1.1905472328035025,0.14086598538988945,-1.5699999999871692,-1.0451593762730238,1.0934133290201187e-14,0.18000578929298144,0.06535242032042231,0.29465915828463235,5.460380167769327e-12,-0.18000578929377492,-8.27121574356604e-15,-0.003196025870522655,-0.08528147701980286,-0.08369653075767597,0.35368619777489263,-0.10725134818017688,0.02262555481348187
1715.93,1.0541398844193577,-1.1872867935391733,0.1555665624236775,-1.5699999999869019,-1.0541398844216623,1.0942028220028258e-14,0.18007319044769296,0.06537689080303341,0.29476949011021253,5.3248826246792e-12,-0.18007319044840603,-7.408380549647764e-15,-0.0007300229570318373,-0.0843738608720758,-0.08554800685990357,0.3563201930251067,-0.10109752546985663,0.024386800468451073
1715.98,1.0631390525318314,-1.1840195796382886,0.17029768474861245,-1.5699999999866363,-1.0631390525341693,1.1168473222100644e-14,0.17993325867048673,0.06532608754629557,0.29454042981211576,5.4202107754343365e-12,-0.1799332586711412,2.131392393307785e-15,0.0015046660425563159,-0.08365971577669999,-0.08738756065203422,0.3594072898924613,-0.09569327039148334,0.026096810699649534
1716.03,1.072133063332716,-1.1807542381371694,0.1850203648500688,-1.5699999999863805,-1.072133063335085,1.1273807406943014e-14,0.17985063035537557,0.06529608873091802,0.2944051719958902,5.245595963349926e-12,-0.179850630355937,8.727014336878947e-16,0.0037256031080141216,-0.08263257880814688,-0.0889398289322872,0.3613560612027887,-0.08998765664221192,0.027784055628036593
1716.08,1.0811240287926833,-1.1774900022693942,0.1997380599029647,-1.5699999999861332,-1.0811240287950787,1.131907993561599e-14,0.179801839161567,0.06527837473031035,0.2943253036075889,5.080305506789326e-12,-0.17980183916207174,2.989009864270975e-16,0.0059273770970040334,-0.08156449802642719,-0.090477911522482,0.3633084863563713,-0.08431020842942619,0.029525156361221827
1716.13,1.090113196009292,-1.1742264192670566,0.2144528113345168,-1.5699999999858933,-1.0901131960117088,1.1335902958625356e-14,0.17977302844951903,0.06526791478996971,0.2942781421225857,4.919164481678208e-12,-0.17977302844997659,-1.3633842319005218e-17,0.008109523526318359,-0.08044677774054197,-0.09199312384371723,0.36522774055153123,-0.0786489557399037,0.031317821045497934
1716.18,1.0991013013811775,-1.1709632217752375,0.2291658245870829,-1.5699999999856622,-1.0991013013836144,1.1338012599212578e-14,0.17975601601216157,0.06526173829967831,0.29425029373690836,4.757980562818641e-12,-0.17975601601256902,-2.3402503893099613e-16,0.010270904058993684,-0.07927468887892523,-0.0934800402005693,0.3670919328598539,-0.07299800652338745,0.03316036142059106
1716.23,1.1080887797443713,-1.1677002519235298,0.24387781146232057,-1.5699999999854382,-1.1080887797468275,1.1332387555053814e-14,0.17974597033805895,0.06525809114381327,0.29423384954325965,4.595115873093705e-12,-0.1797459703383627,-2.4443337978685697e-16,0.012410054151977452,-0.07804585233491583,-0.0949352151209146,0.36888808462433614,-0.06735491026830157,0.03505147354598454
1716.28,1.117075887865206,-1.164437416491038,0.258589192271991,-1.569999999985222,-1.1170758878676756,1.13221375890303e-14,0.17974003846794093,0.06525593753464935,0.294224139410968,4.4315305548423e-12,-0.17974003846819142,-3.5865407865820487e-16,0.014525364211783074,-0.07675928786157624,-0.09635640796468052,0.3706085419666505,-0.06171915994564175,0.03699009516839422
1716.33,1.1260627773616267,-1.1611746604317532,0.2733002152059868,-1.5699999999850143,-1.1260627773641074,1.1308354655360052e-14,0.17973653575796444,0.0652546658498666,0.29421840567457463,4.2700018461393555e-12,-0.17973653575815296,-3.2504381131115423e-16,0.01661517260423641,-0.07541485474646811,-0.09774211329499191,0.3722488391730102,-0.05609134183944449,0.03897531347215699
1716.38,1.135049537762522,-1.1579119512415572,0.28801102681795737,-1.5699999999848142,-1.1350495377650072,1.1290722099246066e-14,0.1797344674427469,0.0652539149326131,0.29421501996020843,4.10553959806579e-12,-0.1797344674428869,-4.4078239322398183e-16,0.018677812574402815,-0.0740129229444558,-0.09909127676681984,0.37380642658580804,-0.05047265365762622,0.04100630572467905
1716.43,1.1440362219337992,-1.1546492697270971,0.30272171364636813,-1.5699999999846217,-1.1440362219362865,1.1270014976163871e-14,0.17973324612326944,0.06525347152339661,0.29421302072937944,3.939494225085015e-12,-0.17973324612337502,-4.60514872763218e-16,0.020711635447590544,-0.07255417966259552,-0.10040312343387231,0.3752799134052654,-0.04486463167495421,0.04308230127274247
1716.48,1.1530228610922473,-1.1513866045548848,0.3174323267913183,-1.5699999999844372,-1.1530228610947375,1.1245959023621414e-14,0.1797325249463416,0.06525320969460395,0.29421184020322616,3.77690406890268e-12,-0.17973252494637623,-5.740850503310746e-16,0.022715021875592944,-0.07103951548345666,-0.10167705409060235,0.3766686170339378,-0.03926899631985601,0.04520255732632465
1716.53,1.1620094736710702,-1.1481239490326105,0.33214289642690575,-1.5699999999842604,-1.1620094736735584,1.1217789269223365e-14,0.17973209909857263,0.06525305508724595,0.29421114311400853,3.6088055354916056e-12,-0.17973209909855553,-5.753996454652133e-16,0.024686387227707798,-0.06946995716495143,-0.10291258276286885,0.3779722949179137,-0.03368756476167234,0.04736634361550887
1716.58,1.17099607055489,-1.1448612992085299,0.3468534403706342,-1.5699999999840915,-1.1709960705573754,1.1186808896876003e-14,0.17973184763973155,0.06525296379301909,0.29421073148948196,3.4410097452084072e-12,-0.17973184763963573,-7.079569135787223e-16,0.026624184221806024,-0.06784662778969672,-0.10410929904059706,0.37919098492113135,-0.02812220131443272,0.04957293272606396
1716.63,1.1799826581709678,-1.1415986527491844,0.36156396914356204,-1.5699999999839305,-1.1799826581734465,1.1152153621265004e-14,0.17973169915580775,0.06525290988463917,0.294210488429018,3.2817783457124786e-12,-0.17973169915563345,-7.14990675172722e-16,0.02852690433245211,-0.0661707229315491,-0.10526684540521754,0.38032491027012416,-0.022574789145313866,0.05182159406516452
1716.68,1.1889546820642465,-1.138341293756088,0.37625065793708784,-1.569999999983782,-1.1889546820667158,1.1081946651686794e-14,0.1798933698140805,0.0653116056011781,0.29447513402821024,3.168377506971437e-12,-0.17989336981384277,-2.49759522959192e-16,0.030336717186327637,-0.0643290798155568,-0.10619243023267332,0.3806870518389833,-0.017021494506364636,0.054012139395161356
1716.73,1.1979341203001677,-1.1350812429315935,0.3909494835844657,-1.5699999999836378,-1.1979341203026244,1.104294152985473e-14,0.17997265888744443,0.06534039207985458,0.29460492569536206,3.0219527916283337e-12,-0.17997265888714575,-2.3552936944531977e-16,0.03218878350218209,-0.06261496179822335,-0.10736594189389764,0.38200034315834713,-0.011543473722568802,0.05638709104707173
1716.78,1.2069150249812186,-1.1318206597034617,0.4056507097184242,-1.5699999999835008,-1.2069150249836638,1.1006993966569282e-14,0.1800356541260355,0.06536326296249283,0.2947080452890615,2.871762208459319e-12,-0.18003565412563996,-3.4133394895274893e-16,0.03398090576592332,-0.06080327141187537,-0.10842225287714816,0.38295075935302414,-0.006071411881840272,0.05876410698047994
1716.83,1.2159128096587744,-1.1285539480689613,0.42037956743899163,-1.5699999999833667,-1.2159128096611973,1.097634338141774e-14,0.17991109384790996,0.06531804044093642,0.2945041472534515,2.6719285794042213e-12,-0.17991109384747567,-8.290894012996652e-16,0.03580314569918789,-0.05905394883576817,-0.10964851685344426,0.38455146643712007,-0.0006177262542708838,0.061300347646314333
1716.88,1.2248811089471816,-1.1252979413209805,0.43506015926772246,-1.569999999983249,-1.224881108949583,1.0936142127091403e-14,0.18011414900477074,0.06539176110287166,0.29483653690463485,2.5698835183637306e-12,-0.18011414900428746,-7.590634934842577e-16,0.037374465208062126,-0.056925206659743065,-0.11020437389472103,0.3838668506301507,0.004799537575345388,0.06351828874508243
1716.93,1.2338817866241378,-1.1220301793618699,0.44979375266241295,-1.5699999999831293,-1.2338817866265155,1.0880874067539745e-14,0.1799574442888622,0.06533486830773595,0.29458002026708424,2.3661882288326507e-12,-0.17995744428831262,-1.1171483660019077e-15,0.039189879080168806,-0.05518733937342725,-0.11156483545348084,0.38604375977914257,0.010227453658676194,0.06626191514853497
1716.98,1.2428766888077567,-1.1187645142379299,0.46451789190555487,-1.569999999983019,-1.2428766888101048,1.0815920897743907e-14,0.1798649117211333,0.06530127368110289,0.29442854975759447,2.1894792700876894e-12,-0.1798649117205726,-1.2339169399785965e-15,0.04078435030843143,-0.05313685591307241,-0.11236347174529376,0.3863248238146665,0.015602891531310541,0.06874263055654654
1717.03,1.251855078195052,-1.1155048442056577,0.47921500064767814,-1.5699999999829217,-1.2518550781973707,1.0775309096712435e-14,0.17995585466812103,0.06533429118406534,0.2945774181480849,2.0756928534787283e-12,-0.17995585466751016,-1.4956568969437534e-15,0.042272406442786105,-0.050982806155000795,-0.11296846290632939,0.3860112480661464,0.020902818128164514,0.07115762997013629
1717.08,1.260849921791767,-1.1122392003521322,0.49393904398737265,-1.5699999999828258,-1.2608499217940552,1.069089677474504e-14,0.17986397306602003,0.06530093289525923,0.2944270132319913,1.898517420137187e-12,-0.17986397306531848,-1.5084369300519263e-15,0.04388608482263795,-0.04899688114321969,-0.11399316405996605,0.3871933741487068,0.0262536104865831,0.07389796550076745
1717.13,1.2698413790093428,-1.1089747859483636,0.5086575440185153,-1.5699999999827376,-1.2698413790115959,1.0610434567210251e-14,0.17980971789876027,0.06528123515927478,0.2943382006329371,1.738525833982086e-12,-0.179809717898029,-1.5678241040498198e-15,0.0453479818918039,-0.046847472470503124,-0.11469909114492988,0.3873491298506007,0.03151678089152074,0.07649779773743436
1717.19,1.2806123913821816,-1.1050642910105426,0.5262890738260376,-1.5699999999826477,-1.280612391384392,1.0588592989184882e-14,0.17995279267863462,0.0653331795058188,0.29457240584498634,1.3315638569793686e-12,-0.17995279267787356,2.8009414449262082e-15,0.04682626203470119,-0.04437987004512166,-0.11525565377796744,0.3868601065435299,0.03719659624539227,0.07927017844833448
1717.24,1.28960712212652,-1.1017986881289141,0.5410129324327961,-1.5699999999825738,-1.2896071221286898,1.0470066869276487e-14,0.17986216499183194,0.06530027646040076,0.2944240535169629,1.4367450837650896e-12,-0.1798621649910003,-1.9162189196508805e-15,0.04844680901854491,-0.042059446083424996,-0.1162562822531235,0.38793283013673807,0.04298851751327479,0.08242822004664242
1717.29,1.298582336872241,-1.098540170673543,0.5557048444685428,-1.569999999982512,-1.298582336874369,1.04616894423776e-14,0.17998838173405282,0.06534610037292578,0.29463066308793856,1.048114784389263e-12,-0.1799883817332286,3.578355060179783e-15,0.04964627445444977,-0.03972410241419871,-0.11659493672159184,0.3870704923646788,0.04801679396247105,0.08495589336077332
1717.34,1.307578379283246,-1.0952740915817296,0.5704308501984149,-1.569999999982452,-1.3075783792853308,1.0316826777761982e-14,0.179883179973187,0.06530790610315773,0.2944584538361089,1.1688470490426282e-12,-0.17988317997224965,-2.1429255939175995e-15,0.05104212082715033,-0.03755518214659888,-0.1174745193792817,0.38806729918545413,0.053243231059413004,0.08793913151863471
1717.39,1.3165587522059392,-1.0920137014124325,0.585131205874146,-1.5699999999824008,-1.3165587522079765,1.0267385261342842e-14,0.1799520836379952,0.06533292208332443,0.29457124518523803,1.0389589426821775e-12,-0.17995208363700588,-2.6843761588568604e-15,0.052156474568649906,-0.03518511778829304,-0.11778360052547848,0.38724183503217124,0.05819007537675348,0.09055837460603773
1717.44,1.325553456817944,-1.088748108018353,0.5998550217037146,-1.5699999999823548,-1.3255534568199339,1.0123178159570818e-14,0.17986174631042903,0.06530012445476666,0.2944233681582644,8.907614907184905e-13,-0.17986174630939603,-2.2009846202541983e-15,0.053410590586127356,-0.0329181723819438,-0.11848811426082524,0.3877817208633143,0.06330563319639941,0.09354186497932361
1717.49,1.3345448319664388,-1.085483723410392,0.614573387392362,-1.5699999999823158,-1.3345448319683784,1.0003836977126727e-14,0.179808403021855,0.06528075778306142,0.29433604825252957,7.418815521219486e-13,-0.17980840302080167,-1.991150842296785e-15,0.05449627566541786,-0.030548326352485305,-0.11889349733322496,0.3874043033258282,0.06824571475578228,0.0963550054699619
1717.54,1.343534241100025,-1.0822200525785475,0.629288534827293,-1.5699999999822822,-1.3435342411019116,9.896987823036219e-15,0.17977690434339919,0.06526932195707155,0.2942844867213228,6.077346877695136e-13,-0.17977690434229684,-1.9313570924842094e-15,0.055535101061461305,-0.028161343040986685,-0.11927683923975442,0.3870224893807217,0.07314339768312264,0.09920856800837433
1717.59,1.3525224893214673,-1.0789568032243626,0.6440017819155842,-1.5699999999822583,-1.3525224893233,9.79398278906342e-15,0.17975830468874823,0.06526256921616697,0.2942540401526943,4.887718444497764e-13,-0.179758304687608,-2.0207631141327953e-15,0.05652329453160832,-0.025755712439944456,-0.11963025764101243,0.3866107268021703,0.07799509555622312,0.10209637684601182
1717.64,1.3615100520358983,-1.0756938027485217,0.6587139068681848,-1.569999999982236,-1.3615100520376746,9.691391025853718e-15,0.17974732177866562,0.0652585817901796,0.29423606175832373,3.5019263286721267e-13,-0.1797473217774976,-2.021522055653535e-15,0.057458364196304144,-0.02333135965319205,-0.11994910594485314,0.38615444504054475,0.08279793158997321,0.10501428763075152
1717.69,1.3704826517150024,-1.0724362347122613,0.6734015381896993,-1.5699999999822292,-1.3704826517167232,9.734286007582649e-15,0.17990259481666465,0.06531495480396336,0.2944902348204069,2.8649051379381167e-13,-0.17990259481544524,-3.740687230455175e-15,0.0582328594497541,-0.020853630702979502,-0.1200140350516813,0.3849519393520419,0.0873877172321239,0.10776244708024069
1717.74,1.3794755323719576,-1.0691713035184354,0.6881223683093514,-1.5699999999822172,-1.3794755323736192,9.545708013216818e-15,0.1798325236563337,0.06528951495588858,0.29437553234754765,1.3137393598114042e-13,-0.17983252365506136,-2.886349471063754e-15,0.05920534618252704,-0.01844702613152073,-0.1205618563376762,0.3853645819168729,0.09230928756444758,0.11100703391448116
1717.79,1.3884658304932342,-1.0659073099331062,0.7028389709661326,-1.569999999982216,-1.3884658304948352,9.396623641524392e-15,0.17979114733686186,0.06527449297998694,0.2943078016843125,1.0279490203924518e-14,-0.1797911473355575,-2.5128553751696536e-15,0.059955760532197776,-0.015964520279421277,-0.1207287473529216,0.3846233952872949,0.09692978688053344,0.11397010957156987
1717.84,1.3974546036530202,-1.0626438699962195,0.7175530773483615,-1.5699999999822178,-1.3974546036545565,9.266404075925089e-15,0.17976671503395933,0.06526562265343165,0.29426780740494474,-1.377916742295246e-13,-0.17976671503264968,-2.4299274615016686e-15,0.06065549420748294,-0.013472048418165001,-0.12087019476260898,0.383870821922462,0.10150244712669629,0.11696707873131376
1717.89,1.4064424763382912,-1.0593807569832012,0.7322657097054285,-1.5699999999822285,-1.4064424763397645,9.144163479373756e-15,0.17975228800342333,0.06526038481429734,0.2942441911828887,-2.3695964895126265e-13,-0.1797522880020907,-2.363587841072712e-15,0.06130136676598966,-0.010969599989301198,-0.12098000167812992,0.3830874779358379,0.10602274674161705,0.11999201541433395
1717.94,1.4154298173023685,-1.056117837015459,0.7469774716653761,-1.569999999982242,-1.4154298173037767,9.02473158986541e-15,0.17974376898616573,0.06525729192266123,0.2942302460399034,-3.7535862547517784e-13,-0.17974376898480227,-2.3808673131966995e-15,0.06189138520916149,-0.008457979837582705,-0.1210545722118574,0.38226251928378163,0.1104874120953229,0.12304092456149779
1717.99,1.4244168442903984,-1.0528550310390214,0.7616887196645276,-1.569999999982264,-1.42441684429174,8.905365796032004e-15,0.17973873859167436,0.06525546560107122,0.2942220115723975,-4.698390792092291e-13,-0.1797387385902684,-2.4188279417608483e-15,0.06242429426174216,-0.005938443275846766,-0.12109185968468017,0.38139015294939177,0.11489398955327124,0.12611098543542085
1718.04,1.4333905834534502,-1.049597049304776,0.7763782162559069,-1.569999999982291,-1.4333905834547254,8.954704936661008e-15,0.1798813506968998,0.0653072419705003,0.2944554594134563,-5.661822668145099e-13,-0.17988135069547292,-4.342527856401879e-15,0.06279705686117569,-0.0034090095122483095,-0.1208946021329627,0.3798520055053906,0.11904390136686337,0.12898830736388114
1718.09,1.4423708889565177,-1.0463366836126893,0.7910784615694779,-1.5699999999823253,-1.4423708889577245,8.882198807955821e-15,0.17995100346864173,0.06533252991946448,0.29456947700791336,-6.525943251501493e-13,-0.17995100346718987,-4.96526647922324e-15,0.06326483676912112,-0.0008861654036759492,-0.12095458910464606,0.3791942321764525,0.1234188544067377,0.13219516472163514
1718.14,1.442732691467408,-1.0462053285597799,0.7917268709562753,-1.5699999999798915,-1.44273269146786,-1.2969116188363908e-13,-0.06655721715908874,-0.024164085224033217,-0.10957434262996081,-2.2917746973808394e-11,0.0665572171536434,1.1943330879675158e-12,0.01999400658120874,0.00024936175252585947,-0.03844971861259539,0.12040355350248116,0.03956794239185187,0.042265015409886864
1718.19,1.43549873174656,-1.0488316706239387,0.7798622957372213,-1.5699999999796606,-1.435498731746923,-1.4229286315690356e-13,-0.1882533808691281,-0.06834676886473749,-0.30852845483519264,-2.7173824727389807e-11,0.18825338086142782,1.5350083671598208e-12,-0.042513631119759726,-0.00022403423759496501,0.0811853911292232,-0.25427186359312154,-0.08399462971205571,-0.0895899901127227
1718.24,1.4238122862915967,-1.0530745202478506,0.7607186744552131,-1.5699999999800112,-1.4238122862920866,-1.1725347206412547e-13,-0.26047748086661965,-0.09456825739566309,-0.4266042774482052,-2.3450923616733822e-11,0.260477480859034,1.3911436022237544e-12,-0.07701789703026994,0.0025164326024518916,0.14780719974742737,-0.4638568380425362,-0.14823299578544416,-0.15964677859730503
1718.3,1.40637537212395,-1.059405119659218,0.7321662704066849,-1.5699999999806016,-1.4063753721246959,-7.507897216911227e-14,-0.30922218284482783,-0.11226537849169112,-0.506294614470035,-1.7142344266090834e-11,0.30922218283823133,1.0583738475466314e-12,-0.09808332507066542,0.009412134162233717,0.1903594117221964,-0.5996029547431434,-0.18041949330539545,-0.19808125099122145
1718.35,1.390197776694173,-1.0652785141784025,0.7056802125196545,-1.569999999981051,-1.390197776695146,-4.2849545928666617e-14,-0.331544616455506,-0.12036970151945299,-0.5427878081370442,-1.2766923016818352e-11,0.3315446164497533,7.987274578714898e-13,-0.10896875680594749,0.01880730632253958,0.21479741740883845,-0.6798901578770246,-0.18938329894813064,-0.213778075237305